n,length,persona,seed,variant,winner,reason,days,nights,hull_left,scurvy_started,scurvy_cleared,attacks,rule_fallbacks,empty_ship_stalemate,identity_discards,relocation_rollbacks
6,short,temkinli,6809053495676194538,A,crew,port,5,5,1,0,0,1,0,0,0,0
6,short,temkinli,6809053495676194538,B,crew,port,6,6,1,0,0,3,0,0,0,0
6,short,temkinli,6310194356547804253,A,crew,port,5,5,1,1,1,3,0,0,0,0
6,short,temkinli,6310194356547804253,B,hain,scurvy,5,4,2,1,0,0,0,0,0,0
6,short,temkinli,6735122421564676569,A,crew,port,5,5,1,1,1,2,0,0,0,0
6,short,temkinli,6735122421564676569,B,crew,port,5,5,1,1,1,2,0,0,0,0
6,short,temkinli,6016748605372285961,A,hain,sunk,4,3,0,1,1,2,0,0,0,0
6,short,temkinli,6016748605372285961,B,hain,sunk,4,3,0,1,1,2,0,0,0,0
6,short,temkinli,15481882053468526308,A,crew,port,5,5,2,1,1,3,0,0,0,0
6,short,temkinli,15481882053468526308,B,crew,port,5,5,2,1,1,1,0,0,0,0
6,short,temkinli,16655966710624885620,A,hain,sunk,3,2,0,1,1,0,0,0,0,0
6,short,temkinli,16655966710624885620,B,crew,port,5,5,1,1,1,2,0,0,0,0
6,short,temkinli,15622389954492761805,A,hain,sunk,3,2,0,1,0,1,0,0,0,0
6,short,temkinli,15622389954492761805,B,hain,sunk,3,2,0,1,0,1,0,0,0,0
6,short,temkinli,16686802359255129593,A,hain,sunk,4,3,0,1,0,1,0,0,0,0
6,short,temkinli,16686802359255129593,B,hain,sunk,4,3,0,1,0,1,0,0,0,0
6,short,temkinli,17757091262576660768,A,hain,sunk,2,1,0,0,0,0,0,0,0,0
6,short,temkinli,17757091262576660768,B,hain,sunk,2,1,0,0,0,0,0,0,0,0
6,short,temkinli,4970624746066088229,A,hain,sunk,4,3,0,1,0,0,0,0,0,0
6,short,temkinli,4970624746066088229,B,hain,scurvy,5,4,1,1,0,1,0,0,0,0
6,short,temkinli,4620075008326069189,A,crew,port,5,5,1,1,1,2,0,0,0,0
6,short,temkinli,4620075008326069189,B,crew,port,5,5,1,1,1,2,0,0,0,0
6,short,temkinli,17498095217321810255,A,hain,sunk,3,2,0,1,1,1,0,0,0,0
6,short,temkinli,17498095217321810255,B,hain,sunk,3,2,0,1,1,1,0,0,0,0
6,short,temkinli,2892421149601452675,A,hain,sunk,5,4,0,1,1,1,0,0,0,0
6,short,temkinli,2892421149601452675,B,hain,sunk,5,4,0,1,1,1,0,0,0,0
6,short,temkinli,14665798765301695993,A,crew,port,5,5,1,1,1,2,0,0,0,0
6,short,temkinli,14665798765301695993,B,crew,port,5,5,1,1,1,2,0,0,0,0
6,short,temkinli,7610236733577671602,A,crew,port,5,5,1,1,1,3,0,0,0,0
6,short,temkinli,7610236733577671602,B,crew,port,5,5,1,1,1,2,0,0,0,0
6,short,temkinli,11800533730155295061,A,hain,sunk,4,3,0,1,1,1,0,0,0,0
6,short,temkinli,11800533730155295061,B,hain,sunk,4,3,0,1,1,1,0,0,0,0
6,short,temkinli,4468843596807743708,A,crew,port,4,4,2,1,1,2,0,0,0,0
6,short,temkinli,4468843596807743708,B,hain,sunk,3,2,0,1,0,1,0,0,0,0
6,short,temkinli,1890891996601173114,A,crew,port,5,5,1,1,1,0,0,0,0,0
6,short,temkinli,1890891996601173114,B,hain,sunk,2,1,0,1,0,0,0,0,0,0
6,short,temkinli,15959859175351191669,A,hain,sunk,2,1,0,1,0,0,0,0,0,0
6,short,temkinli,15959859175351191669,B,hain,sunk,2,1,0,1,0,0,0,0,0,0
6,short,temkinli,10595613752062985283,A,crew,port,5,5,1,0,0,3,0,0,0,0
6,short,temkinli,10595613752062985283,B,crew,port,5,5,1,0,0,3,0,0,0,0
6,short,dengeli,11397750599617727024,A,hain,sunk,3,2,0,1,1,0,0,0,0,0
6,short,dengeli,11397750599617727024,B,hain,sunk,3,2,0,1,1,0,0,0,0,0
6,short,dengeli,10201477389066933256,A,crew,port,5,5,1,1,1,2,0,0,0,0
6,short,dengeli,10201477389066933256,B,crew,port,5,5,1,1,1,2,0,0,0,0
6,short,dengeli,5186645797121410890,A,crew,port,5,5,1,0,0,1,0,0,0,0
6,short,dengeli,5186645797121410890,B,crew,port,5,5,1,0,0,1,0,0,0,0
6,short,dengeli,8302234891493904557,A,hain,sunk,3,2,0,1,0,1,0,0,0,0
6,short,dengeli,8302234891493904557,B,hain,sunk,4,3,0,1,0,1,0,0,0,0
6,short,dengeli,13170274647265617541,A,crew,port,5,5,2,1,1,2,0,0,0,0
6,short,dengeli,13170274647265617541,B,crew,port,5,5,2,1,1,2,0,0,0,0
6,short,dengeli,12098409237276691817,A,hain,scurvy,5,4,1,1,0,2,0,0,0,0
6,short,dengeli,12098409237276691817,B,hain,scurvy,5,4,1,1,0,2,0,0,0,0
6,short,dengeli,2018034160516430065,A,hain,sunk,3,2,0,1,0,0,0,0,0,0
6,short,dengeli,2018034160516430065,B,hain,sunk,3,2,0,1,0,0,0,0,0,0
6,short,dengeli,8527462258913839568,A,crew,port,5,5,2,1,1,3,0,0,0,0
6,short,dengeli,8527462258913839568,B,crew,port,5,5,2,1,1,3,0,0,0,0
6,short,dengeli,3851982582400170323,A,crew,port,4,4,2,0,0,2,0,0,0,0
6,short,dengeli,3851982582400170323,B,crew,port,4,4,2,0,0,2,0,0,0,0
6,short,dengeli,8363722401713185001,A,crew,port,4,4,2,1,1,1,0,0,0,0
6,short,dengeli,8363722401713185001,B,crew,port,4,4,2,1,1,1,0,0,0,0
6,short,dengeli,14529897377338947807,A,crew,port,5,5,1,1,1,3,0,0,0,0
6,short,dengeli,14529897377338947807,B,crew,port,5,5,1,1,1,3,0,0,0,0
6,short,dengeli,14718202968346180075,A,crew,port,5,5,2,1,1,3,0,0,0,0
6,short,dengeli,14718202968346180075,B,crew,port,5,5,2,1,1,3,0,0,0,0
6,short,dengeli,11641688750679800120,A,crew,port,5,5,1,0,0,2,0,0,0,0
6,short,dengeli,11641688750679800120,B,crew,port,5,5,1,0,0,2,0,0,0,0
6,short,dengeli,7582978420239731574,A,crew,port,5,5,1,0,0,1,0,0,0,0
6,short,dengeli,7582978420239731574,B,crew,port,6,6,2,0,0,3,0,0,0,0
6,short,dengeli,12450642006704561624,A,hain,scurvy,6,5,1,1,0,2,0,0,0,0
6,short,dengeli,12450642006704561624,B,hain,scurvy,5,4,1,1,0,2,0,0,0,0
6,short,dengeli,12730318761075141515,A,crew,port,5,5,2,1,1,0,0,0,0,0
6,short,dengeli,12730318761075141515,B,crew,port,5,5,2,1,1,0,0,0,0,0
6,short,dengeli,17258609082378642552,A,hain,sunk,5,4,0,1,1,1,0,0,0,0
6,short,dengeli,17258609082378642552,B,hain,sunk,5,4,0,1,1,1,0,0,0,0
6,short,dengeli,9713370974181016130,A,hain,sunk,3,2,0,1,1,0,0,0,0,0
6,short,dengeli,9713370974181016130,B,hain,sunk,3,2,0,1,1,0,0,0,0,0
6,short,dengeli,8110979324231468832,A,hain,sunk,5,4,0,1,1,0,0,0,0,0
6,short,dengeli,8110979324231468832,B,hain,sunk,3,2,0,1,1,1,0,0,0,0
6,short,dengeli,13718009064490213168,A,hain,sunk,3,2,0,1,0,0,0,0,0,0
6,short,dengeli,13718009064490213168,B,hain,sunk,4,3,0,1,0,1,0,0,0,0
6,short,kaotik,13973272156567708999,A,crew,port,5,5,2,1,1,1,0,0,0,0
6,short,kaotik,13973272156567708999,B,crew,port,5,5,2,1,1,1,0,0,0,0
6,short,kaotik,13371841275193123704,A,crew,port,4,4,2,1,1,1,0,0,0,0
6,short,kaotik,13371841275193123704,B,crew,port,4,4,2,1,1,1,0,0,0,0
6,short,kaotik,6869563734990675337,A,hain,scurvy,5,4,2,1,0,1,0,0,0,0
6,short,kaotik,6869563734990675337,B,crew,port,5,5,1,1,1,3,0,0,0,0
6,short,kaotik,6177584857667816607,A,crew,port,4,4,2,0,0,2,0,0,0,0
6,short,kaotik,6177584857667816607,B,crew,port,4,4,2,0,0,2,0,0,0,0
6,short,kaotik,1224925835649941420,A,crew,port,5,5,2,1,1,3,0,0,0,0
6,short,kaotik,1224925835649941420,B,crew,port,5,5,2,1,1,3,0,0,0,0
6,short,kaotik,15216205001507573244,A,crew,port,5,5,2,1,1,0,0,0,0,0
6,short,kaotik,15216205001507573244,B,crew,port,5,5,2,1,1,0,0,0,0,0
6,short,kaotik,12837237532639660732,A,crew,port,5,5,1,0,0,1,0,0,0,0
6,short,kaotik,12837237532639660732,B,crew,port,5,5,1,0,0,1,0,0,0,0
6,short,kaotik,16017139495046103515,A,hain,sunk,4,3,0,1,1,2,0,0,0,0
6,short,kaotik,16017139495046103515,B,hain,sunk,4,3,0,1,1,2,0,0,0,0
6,short,kaotik,3141210259675416998,A,crew,port,5,5,1,1,1,0,0,0,0,0
6,short,kaotik,3141210259675416998,B,crew,port,5,5,1,1,1,0,0,0,0,0
6,short,kaotik,18331403085681940180,A,hain,sunk,2,1,0,1,0,0,0,0,0,0
6,short,kaotik,18331403085681940180,B,hain,sunk,2,1,0,1,0,0,0,0,0,0
6,short,kaotik,18258018630220156657,A,crew,port,4,4,1,1,1,0,0,0,0,0
6,short,kaotik,18258018630220156657,B,crew,port,4,4,1,1,1,1,0,0,0,0
6,short,kaotik,10941820454127851059,A,crew,port,5,5,1,0,0,2,0,0,0,0
6,short,kaotik,10941820454127851059,B,crew,port,5,5,1,0,0,2,0,0,0,0
6,short,kaotik,2067129133208380210,A,hain,sunk,5,4,0,1,1,3,0,0,0,0
6,short,kaotik,2067129133208380210,B,hain,sunk,5,4,0,1,1,3,0,0,0,0
6,short,kaotik,6516723590725724903,A,hain,scurvy,5,4,1,1,0,1,0,0,0,0
6,short,kaotik,6516723590725724903,B,hain,sunk,5,4,0,1,0,1,0,0,0,0
6,short,kaotik,1223920661895836031,A,crew,port,5,5,1,1,1,3,0,0,0,0
6,short,kaotik,1223920661895836031,B,crew,port,5,5,1,1,1,3,0,0,0,0
6,short,kaotik,8707409607627047824,A,crew,port,5,5,2,0,0,3,0,0,0,0
6,short,kaotik,8707409607627047824,B,crew,port,5,5,2,0,0,3,0,0,0,0
6,short,kaotik,9857372885239935628,A,crew,port,4,4,1,1,1,2,0,0,0,0
6,short,kaotik,9857372885239935628,B,hain,sunk,4,3,0,1,0,2,0,0,0,0
6,short,kaotik,10374900493963586122,A,crew,port,5,5,2,1,1,4,0,0,0,0
6,short,kaotik,10374900493963586122,B,crew,port,5,5,2,1,1,4,0,0,0,0
6,short,kaotik,16276289477729551749,A,hain,sunk,2,1,0,1,0,0,0,0,0,0
6,short,kaotik,16276289477729551749,B,hain,sunk,2,1,0,1,0,0,0,0,0,0
6,short,kaotik,12258354343007504516,A,crew,port,3,3,1,1,1,1,0,0,0,0
6,short,kaotik,12258354343007504516,B,crew,port,3,3,1,1,1,1,0,0,0,0
6,normal,temkinli,11491986184420196804,A,hain,sunk,6,5,0,1,1,3,0,0,0,0
6,normal,temkinli,11491986184420196804,B,hain,sunk,7,6,0,1,1,3,0,0,0,1
6,normal,temkinli,7291979687134774155,A,hain,sunk,4,3,0,0,0,2,0,0,0,0
6,normal,temkinli,7291979687134774155,B,hain,sunk,4,3,0,0,0,2,0,0,0,0
6,normal,temkinli,1359713641072812185,A,hain,sunk,3,2,0,1,0,0,0,0,0,0
6,normal,temkinli,1359713641072812185,B,hain,sunk,3,2,0,1,0,0,0,0,0,0
6,normal,temkinli,17289002784292897950,A,crew,port,6,6,1,1,1,0,0,0,0,0
6,normal,temkinli,17289002784292897950,B,crew,port,7,7,2,1,1,5,0,0,0,0
6,normal,temkinli,3484819825539349252,A,crew,port,6,6,2,1,1,0,0,0,0,0
6,normal,temkinli,3484819825539349252,B,crew,port,6,6,2,1,1,1,0,0,0,0
6,normal,temkinli,3343902697783948176,A,crew,port,6,6,1,1,1,3,0,0,0,0
6,normal,temkinli,3343902697783948176,B,crew,port,6,6,1,1,1,3,0,0,0,0
6,normal,temkinli,9244710538790259059,A,crew,port,6,6,1,1,1,3,0,0,0,0
6,normal,temkinli,9244710538790259059,B,crew,port,6,6,1,1,1,3,0,0,0,0
6,normal,temkinli,17458002609617505871,A,hain,sunk,6,5,0,1,1,2,0,0,0,0
6,normal,temkinli,17458002609617505871,B,hain,sunk,6,5,0,1,1,1,0,0,0,0
6,normal,temkinli,9502996674160083779,A,hain,sunk,3,2,0,1,1,1,0,0,0,0
6,normal,temkinli,9502996674160083779,B,hain,crew_extinct,7,7,1,1,1,5,0,0,0,0
6,normal,temkinli,18294055880885223616,A,hain,sunk,5,4,0,1,1,1,0,0,0,0
6,normal,temkinli,18294055880885223616,B,hain,sunk,5,4,0,1,1,1,0,0,0,0
6,normal,temkinli,17142452719531347335,A,hain,sunk,6,5,0,1,1,1,0,0,0,0
6,normal,temkinli,17142452719531347335,B,hain,sunk,6,5,0,1,1,1,0,0,0,0
6,normal,temkinli,7269383300734669667,A,hain,sunk,4,3,0,1,0,0,0,0,0,0
6,normal,temkinli,7269383300734669667,B,hain,sunk,5,4,0,1,0,0,0,0,0,0
6,normal,temkinli,560870152256939469,A,crew,port,5,5,2,1,1,4,0,0,0,0
6,normal,temkinli,560870152256939469,B,crew,port,5,5,2,1,1,0,0,0,0,0
6,normal,temkinli,14662698913296037639,A,hain,sunk,4,3,0,1,1,0,0,0,0,0
6,normal,temkinli,14662698913296037639,B,hain,sunk,4,3,0,1,1,0,0,0,0,0
6,normal,temkinli,7075391232234188878,A,hain,sunk,5,4,0,1,1,0,6,0,0,0
6,normal,temkinli,7075391232234188878,B,crew,port,6,6,1,1,1,0,6,0,0,0
6,normal,temkinli,18296571128495065539,A,crew,port,6,6,2,1,1,5,0,0,0,0
6,normal,temkinli,18296571128495065539,B,crew,port,6,6,2,1,1,5,0,0,0,0
6,normal,temkinli,4360549139622557996,A,hain,sunk,7,6,0,1,1,2,0,0,0,0
6,normal,temkinli,4360549139622557996,B,hain,crew_extinct,5,5,2,1,1,4,0,0,0,0
6,normal,temkinli,13630833785412181127,A,crew,port,6,6,1,1,1,2,0,0,0,0
6,normal,temkinli,13630833785412181127,B,crew,port,6,6,1,1,1,2,0,0,0,0
6,normal,temkinli,2214898918072277081,A,hain,sunk,5,4,0,1,1,1,0,0,0,0
6,normal,temkinli,2214898918072277081,B,hain,sunk,5,4,0,1,1,1,0,0,0,0
6,normal,temkinli,12622915774347635792,A,hain,scurvy,6,5,1,1,0,2,0,0,0,0
6,normal,temkinli,12622915774347635792,B,hain,sunk,6,5,0,1,0,1,0,0,0,0
6,normal,dengeli,3359937969512201773,A,hain,sunk,8,7,0,1,1,2,7,0,0,0
6,normal,dengeli,3359937969512201773,B,hain,sunk,8,7,0,1,1,2,7,0,0,0
6,normal,dengeli,1130026189859589076,A,hain,sunk,4,3,0,1,1,1,0,0,0,0
6,normal,dengeli,1130026189859589076,B,hain,sunk,4,3,0,1,1,1,0,0,0,0
6,normal,dengeli,397587145113340088,A,hain,sunk,9,8,0,0,0,4,0,0,0,0
6,normal,dengeli,397587145113340088,B,hain,sunk,9,8,0,0,0,4,0,0,0,0
6,normal,dengeli,8852755189009367543,A,hain,crew_extinct,5,5,2,1,0,4,0,0,0,0
6,normal,dengeli,8852755189009367543,B,hain,sunk,6,5,0,1,0,1,0,0,0,0
6,normal,dengeli,6418513870975138113,A,hain,scurvy,7,6,1,1,0,2,0,0,0,0
6,normal,dengeli,6418513870975138113,B,crew,port,5,5,2,1,1,2,0,0,0,0
6,normal,dengeli,8294585303944944303,A,crew,port,6,6,1,1,1,1,0,0,0,0
6,normal,dengeli,8294585303944944303,B,crew,port,7,7,1,1,1,0,0,0,0,0
6,normal,dengeli,17919650633967833034,A,hain,sunk,4,3,0,1,1,2,0,0,0,0
6,normal,dengeli,17919650633967833034,B,hain,sunk,6,5,0,1,1,3,0,0,0,0
6,normal,dengeli,1608848335031374668,A,hain,sunk,7,6,0,1,0,2,0,0,0,0
6,normal,dengeli,1608848335031374668,B,hain,sunk,7,6,0,1,0,2,0,0,0,0
6,normal,dengeli,14213039629994850194,A,crew,port,5,5,1,1,1,1,0,0,0,0
6,normal,dengeli,14213039629994850194,B,crew,port,5,5,2,1,1,1,0,0,0,0
6,normal,dengeli,3871612373196535781,A,crew,port,6,6,2,1,1,3,0,0,0,0
6,normal,dengeli,3871612373196535781,B,crew,port,6,6,2,1,1,3,0,0,0,0
6,normal,dengeli,11760145350733730898,A,hain,sunk,5,4,0,1,1,0,0,0,0,0
6,normal,dengeli,11760145350733730898,B,crew,port,6,6,2,1,1,1,0,0,0,0
6,normal,dengeli,10606596958131815358,A,hain,sunk,4,3,0,1,0,1,0,0,0,0
6,normal,dengeli,10606596958131815358,B,crew,port,5,5,1,1,1,2,0,0,0,0
6,normal,dengeli,12543881889277428214,A,crew,port,5,5,1,1,1,4,0,0,0,0
6,normal,dengeli,12543881889277428214,B,crew,port,6,6,1,1,1,1,0,0,0,0
6,normal,dengeli,17052018044586573057,A,hain,scurvy,6,5,1,1,0,2,0,0,0,0
6,normal,dengeli,17052018044586573057,B,hain,scurvy,6,5,1,1,0,2,0,0,0,0
6,normal,dengeli,16660466705780930969,A,hain,sunk,3,2,0,1,0,0,0,0,0,0
6,normal,dengeli,16660466705780930969,B,hain,sunk,3,2,0,1,0,0,0,0,0,0
6,normal,dengeli,15855854431125810380,A,hain,sunk,3,2,0,1,1,0,0,0,0,0
6,normal,dengeli,15855854431125810380,B,hain,sunk,5,4,0,1,1,2,0,0,0,0
6,normal,dengeli,9662892118882655285,A,crew,port,5,5,1,1,1,2,0,0,0,0
6,normal,dengeli,9662892118882655285,B,crew,port,5,5,1,1,1,2,0,0,0,0
6,normal,dengeli,5798654220990373008,A,hain,crew_extinct,6,6,1,0,0,5,0,0,0,0
6,normal,dengeli,5798654220990373008,B,crew,port,6,6,1,0,0,2,0,0,0,0
6,normal,dengeli,1137530988628211764,A,hain,sunk,8,7,0,0,0,2,0,0,0,0
6,normal,dengeli,1137530988628211764,B,hain,sunk,8,7,0,0,0,2,0,0,0,0
6,normal,dengeli,10450633696151196391,A,hain,sunk,5,4,0,0,0,2,0,0,0,0
6,normal,dengeli,10450633696151196391,B,hain,sunk,4,3,0,0,0,1,0,0,0,0
6,normal,kaotik,16822259520701573983,A,crew,port,6,6,1,1,1,2,0,0,0,0
6,normal,kaotik,16822259520701573983,B,crew,port,6,6,1,1,1,2,0,0,0,0
6,normal,kaotik,1633390621009917223,A,hain,sunk,4,3,0,1,1,2,0,0,0,0
6,normal,kaotik,1633390621009917223,B,crew,port,5,5,1,1,1,2,0,0,0,0
6,normal,kaotik,18235554611969022711,A,hain,sunk,4,3,0,1,1,1,0,0,0,0
6,normal,kaotik,18235554611969022711,B,hain,sunk,4,3,0,1,1,1,0,0,0,0
6,normal,kaotik,4114164135709139577,A,hain,scurvy,5,4,2,1,0,1,0,0,0,0
6,normal,kaotik,4114164135709139577,B,hain,scurvy,5,4,2,1,0,1,0,0,0,0
6,normal,kaotik,17466352943761223176,A,crew,port,6,6,2,1,1,5,0,0,0,0
6,normal,kaotik,17466352943761223176,B,crew,port,6,6,2,1,1,5,0,0,0,0
6,normal,kaotik,13045617542636953363,A,hain,sunk,5,4,0,1,1,3,0,0,0,0
6,normal,kaotik,13045617542636953363,B,hain,sunk,5,4,0,1,1,3,0,0,0,0
6,normal,kaotik,14633075322305000715,A,crew,port,6,6,1,0,0,2,0,0,0,0
6,normal,kaotik,14633075322305000715,B,hain,sunk,5,4,0,0,0,1,0,0,0,0
6,normal,kaotik,4888513254127016960,A,crew,port,6,6,1,1,1,0,0,0,0,0
6,normal,kaotik,4888513254127016960,B,crew,port,6,6,1,1,1,0,0,0,0,0
6,normal,kaotik,5528229037157391735,A,hain,scurvy,7,6,1,1,0,2,0,0,0,0
6,normal,kaotik,5528229037157391735,B,hain,scurvy,6,5,1,1,0,0,0,0,0,0
6,normal,kaotik,3893181066628920445,A,crew,port,5,5,2,0,0,2,0,0,0,0
6,normal,kaotik,3893181066628920445,B,crew,port,5,5,2,0,0,2,0,0,0,0
6,normal,kaotik,2343468600702728036,A,crew,port,6,6,2,1,1,2,0,0,0,0
6,normal,kaotik,2343468600702728036,B,crew,port,6,6,2,1,1,2,0,0,0,0
6,normal,kaotik,13899005250705420970,A,hain,sunk,3,2,0,0,0,0,0,0,0,0
6,normal,kaotik,13899005250705420970,B,hain,sunk,3,2,0,0,0,0,0,0,0,0
6,normal,kaotik,2776821088792433895,A,hain,scurvy,5,4,1,1,0,3,0,0,0,0
6,normal,kaotik,2776821088792433895,B,hain,scurvy,5,4,1,1,0,3,0,0,0,0
6,normal,kaotik,7109517505668064065,A,crew,port,6,6,1,1,1,4,0,0,0,0
6,normal,kaotik,7109517505668064065,B,crew,port,6,6,1,1,1,4,0,0,0,0
6,normal,kaotik,9082584478799682129,A,hain,sunk,6,5,0,1,1,2,0,0,0,0
6,normal,kaotik,9082584478799682129,B,hain,sunk,6,5,0,1,1,2,0,0,0,0
6,normal,kaotik,17635057053613295208,A,hain,sunk,6,5,0,1,1,0,0,0,0,0
6,normal,kaotik,17635057053613295208,B,hain,sunk,6,5,0,1,1,0,0,0,0,0
6,normal,kaotik,13625022569355771491,A,crew,port,6,6,1,0,0,4,0,0,0,0
6,normal,kaotik,13625022569355771491,B,crew,port,6,6,1,0,0,4,0,0,0,0
6,normal,kaotik,7693237869317284288,A,hain,sunk,3,2,0,1,0,0,0,0,0,0
6,normal,kaotik,7693237869317284288,B,hain,scurvy,6,5,1,1,0,2,0,0,0,0
6,normal,kaotik,15429042459018646374,A,hain,sunk,6,5,0,1,1,2,0,0,0,0
6,normal,kaotik,15429042459018646374,B,hain,sunk,5,4,0,1,1,2,0,0,0,0
6,normal,kaotik,12321073603956799668,A,hain,sunk,6,5,0,1,1,1,0,0,0,0
6,normal,kaotik,12321073603956799668,B,hain,sunk,4,3,0,1,1,0,0,0,0,0
6,long,temkinli,10510776934011799713,A,crew,port,7,7,1,1,1,4,0,0,0,0
6,long,temkinli,10510776934011799713,B,hain,crew_extinct,5,5,2,1,1,4,0,0,0,0
6,long,temkinli,16006665810786577656,A,hain,sunk,4,3,0,1,1,0,0,0,0,0
6,long,temkinli,16006665810786577656,B,hain,crew_extinct,6,6,1,1,1,5,0,0,0,0
6,long,temkinli,11456636536024896087,A,hain,sunk,7,6,0,1,0,1,7,0,0,0
6,long,temkinli,11456636536024896087,B,hain,sunk,7,6,0,1,0,1,7,0,0,0
6,long,temkinli,16223267632615504770,A,crew,port,7,7,1,1,1,3,0,0,0,0
6,long,temkinli,16223267632615504770,B,hain,sunk,5,4,0,1,1,0,0,0,0,0
6,long,temkinli,14748891990801739474,A,hain,sunk,2,1,0,1,0,0,0,0,0,0
6,long,temkinli,14748891990801739474,B,hain,sunk,2,1,0,1,0,0,0,0,0,0
6,long,temkinli,15635106275633705428,A,hain,sunk,5,4,0,1,1,2,0,0,0,0
6,long,temkinli,15635106275633705428,B,hain,sunk,6,5,0,1,1,2,0,0,0,0
6,long,temkinli,4125683459376990339,A,hain,crew_extinct,6,6,2,1,1,4,0,0,0,0
6,long,temkinli,4125683459376990339,B,hain,crew_extinct,6,6,2,1,1,4,0,0,0,0
6,long,temkinli,15656564787170673210,A,crew,port,7,7,2,1,1,4,0,0,0,0
6,long,temkinli,15656564787170673210,B,crew,port,8,8,1,1,1,1,0,0,0,0
6,long,temkinli,3576902437753794997,A,hain,sunk,5,4,0,0,0,1,0,0,0,0
6,long,temkinli,3576902437753794997,B,hain,sunk,5,4,0,0,0,0,0,0,0,0
6,long,temkinli,15495631792181238670,A,crew,port,7,7,1,1,1,2,0,0,0,0
6,long,temkinli,15495631792181238670,B,hain,sunk,4,3,0,1,0,1,0,0,0,0
6,long,temkinli,780634147883459893,A,hain,sunk,4,3,0,0,0,1,0,0,0,0
6,long,temkinli,780634147883459893,B,hain,sunk,4,3,0,0,0,1,0,0,0,0
6,long,temkinli,15207848662201446890,A,crew,port,7,7,2,1,1,0,0,0,0,0
6,long,temkinli,15207848662201446890,B,crew,port,7,7,2,1,1,0,0,0,0,0
6,long,temkinli,13585324942176976901,A,crew,port,7,7,1,1,1,0,0,0,0,0
6,long,temkinli,13585324942176976901,B,crew,port,7,7,1,1,1,0,0,0,0,0
6,long,temkinli,247120945600886740,A,hain,sunk,6,5,0,1,1,1,0,0,0,0
6,long,temkinli,247120945600886740,B,hain,sunk,6,5,0,1,1,1,0,0,0,0
6,long,temkinli,3921604133960219892,A,crew,port,6,6,2,0,0,1,0,0,0,0
6,long,temkinli,3921604133960219892,B,crew,port,8,8,2,0,0,2,0,0,0,0
6,long,temkinli,12806424160636470705,A,hain,sunk,4,3,0,1,0,1,0,0,0,0
6,long,temkinli,12806424160636470705,B,hain,sunk,5,4,0,1,0,2,0,0,0,0
6,long,temkinli,6897581351761860230,A,hain,sunk,7,6,0,1,1,0,0,0,0,0
6,long,temkinli,6897581351761860230,B,hain,sunk,3,2,0,1,1,0,0,0,0,0
6,long,temkinli,14384429224722143058,A,crew,port,7,7,1,1,1,1,0,0,0,0
6,long,temkinli,14384429224722143058,B,hain,sunk,4,3,0,1,1,0,0,0,0,0
6,long,temkinli,2535401246098861374,A,hain,sunk,6,5,0,0,0,1,0,0,0,0
6,long,temkinli,2535401246098861374,B,hain,sunk,6,5,0,0,0,1,0,0,0,0
6,long,temkinli,7725810400836832808,A,hain,sunk,5,4,0,1,1,2,0,0,0,0
6,long,temkinli,7725810400836832808,B,hain,sunk,5,4,0,1,1,3,0,0,0,0
6,long,dengeli,944846744288257321,A,hain,sunk,5,4,0,1,1,1,0,0,0,0
6,long,dengeli,944846744288257321,B,hain,sunk,4,3,0,1,1,0,0,0,0,0
6,long,dengeli,16424472159184444181,A,crew,port,7,7,1,1,1,4,0,0,0,0
6,long,dengeli,16424472159184444181,B,hain,crew_extinct,7,7,1,1,1,5,0,0,0,0
6,long,dengeli,15990490171400282355,A,hain,sunk,7,6,0,1,1,3,7,0,0,0
6,long,dengeli,15990490171400282355,B,hain,sunk,7,6,0,1,1,3,7,0,0,0
6,long,dengeli,15802592291649963636,A,hain,crew_extinct,6,6,2,1,1,5,0,0,0,0
6,long,dengeli,15802592291649963636,B,hain,crew_extinct,6,6,2,1,1,5,0,0,0,0
6,long,dengeli,5703728383864607656,A,crew,port,7,7,1,1,1,5,0,0,0,0
6,long,dengeli,5703728383864607656,B,crew,port,6,6,2,1,1,2,0,0,0,0
6,long,dengeli,9366705360088214216,A,crew,port,6,6,2,1,1,3,0,0,0,0
6,long,dengeli,9366705360088214216,B,crew,port,6,6,2,1,1,3,0,0,0,0
6,long,dengeli,6035642366812815695,A,crew,port,7,7,1,1,1,3,0,0,0,0
6,long,dengeli,6035642366812815695,B,crew,port,7,7,1,1,1,3,0,0,0,0
6,long,dengeli,14266776672047397712,A,crew,port,7,7,1,0,0,3,0,0,0,0
6,long,dengeli,14266776672047397712,B,crew,port,7,7,1,0,0,3,0,0,0,0
6,long,dengeli,3725751539131043822,A,crew,port,8,8,2,1,1,3,0,0,0,0
6,long,dengeli,3725751539131043822,B,crew,port,6,6,1,1,1,3,0,0,0,0
6,long,dengeli,15955830425774022520,A,crew,port,7,7,2,1,1,2,0,0,0,0
6,long,dengeli,15955830425774022520,B,crew,port,7,7,2,1,1,2,0,0,0,0
6,long,dengeli,13856751932460143950,A,hain,sunk,5,4,0,0,0,2,0,0,0,0
6,long,dengeli,13856751932460143950,B,hain,sunk,5,4,0,0,0,2,0,0,0,0
6,long,dengeli,5531375425202597499,A,crew,port,6,6,1,0,0,1,0,0,0,0
6,long,dengeli,5531375425202597499,B,crew,port,6,6,1,0,0,1,0,0,0,0
6,long,dengeli,12833753660483299715,A,hain,sunk,4,3,0,1,1,0,0,0,0,0
6,long,dengeli,12833753660483299715,B,hain,sunk,4,3,0,1,1,0,0,0,0,0
6,long,dengeli,2390435232434491954,A,hain,scurvy,9,8,1,1,0,5,0,0,0,0
6,long,dengeli,2390435232434491954,B,hain,scurvy,8,7,1,1,0,3,0,0,0,0
6,long,dengeli,6540192822462114847,A,crew,port,6,6,1,1,1,3,0,0,0,0
6,long,dengeli,6540192822462114847,B,hain,sunk,6,5,0,1,1,1,0,0,0,0
6,long,dengeli,7994618633368503250,A,crew,port,7,7,1,1,1,2,0,0,0,0
6,long,dengeli,7994618633368503250,B,crew,port,5,5,1,1,1,2,0,0,0,0
6,long,dengeli,15697222296901481514,A,hain,sunk,5,4,0,1,0,2,0,0,0,0
6,long,dengeli,15697222296901481514,B,hain,sunk,3,2,0,1,0,1,0,0,0,0
6,long,dengeli,5504944294343256579,A,hain,sunk,7,6,0,1,0,1,0,0,0,0
6,long,dengeli,5504944294343256579,B,hain,sunk,7,6,0,1,0,4,0,0,0,0
6,long,dengeli,11068367274095478491,A,hain,crew_extinct,9,9,1,1,1,5,0,0,0,0
6,long,dengeli,11068367274095478491,B,hain,crew_extinct,9,9,1,1,1,5,0,0,0,0
6,long,dengeli,5056523151648911169,A,crew,port,7,7,2,1,1,6,0,0,0,0
6,long,dengeli,5056523151648911169,B,crew,port,7,7,2,1,1,5,0,0,0,0
6,long,kaotik,2937872746296416457,A,crew,port,7,7,2,0,0,4,0,0,0,0
6,long,kaotik,2937872746296416457,B,crew,port,6,6,1,0,0,1,0,0,0,0
6,long,kaotik,12902482569265533835,A,crew,port,5,5,1,1,1,2,0,0,0,0
6,long,kaotik,12902482569265533835,B,hain,sunk,8,7,0,1,1,1,0,0,0,0
6,long,kaotik,12654706602334327358,A,crew,port,7,7,1,1,1,5,0,0,0,0
6,long,kaotik,12654706602334327358,B,hain,crew_extinct,7,7,1,1,1,5,0,0,0,0
6,long,kaotik,12024579504257529082,A,crew,port,7,7,1,1,1,4,7,0,0,0
6,long,kaotik,12024579504257529082,B,crew,port,7,7,1,1,1,4,7,0,0,0
6,long,kaotik,12779290500987265004,A,hain,crew_extinct,13,13,1,1,1,7,0,0,0,0
6,long,kaotik,12779290500987265004,B,hain,crew_extinct,13,13,1,1,1,7,0,0,0,0
6,long,kaotik,11411070227521757088,A,hain,sunk,7,6,0,1,1,1,0,0,0,0
6,long,kaotik,11411070227521757088,B,hain,sunk,7,6,0,1,1,1,0,0,0,0
6,long,kaotik,9270539410330259717,A,crew,port,6,6,2,1,1,0,0,0,0,0
6,long,kaotik,9270539410330259717,B,crew,port,6,6,2,1,1,0,0,0,0,0
6,long,kaotik,7769680651542898438,A,hain,sunk,5,4,0,1,0,2,0,0,0,0
6,long,kaotik,7769680651542898438,B,crew,port,6,6,2,1,1,3,0,0,0,0
6,long,kaotik,3773141340209608674,A,crew,port,6,6,2,0,0,3,7,0,0,0
6,long,kaotik,3773141340209608674,B,crew,port,6,6,2,0,0,3,7,0,0,0
6,long,kaotik,14027335619356300215,A,crew,port,7,7,1,1,1,2,7,0,0,0
6,long,kaotik,14027335619356300215,B,crew,port,7,7,1,1,1,2,7,0,0,0
6,long,kaotik,11142905196048927480,A,crew,port,6,6,1,0,0,2,0,0,0,0
6,long,kaotik,11142905196048927480,B,crew,port,7,7,1,0,0,3,0,0,0,0
6,long,kaotik,14076638455481332359,A,crew,port,5,5,1,1,1,1,0,0,0,0
6,long,kaotik,14076638455481332359,B,hain,sunk,7,6,0,1,0,2,0,0,0,0
6,long,kaotik,2483030063928877900,A,crew,port,8,8,2,1,1,5,0,0,0,0
6,long,kaotik,2483030063928877900,B,crew,port,8,8,2,1,1,5,0,0,0,0
6,long,kaotik,4472809888486252862,A,crew,port,7,7,1,1,1,3,7,0,0,0
6,long,kaotik,4472809888486252862,B,crew,port,7,7,1,1,1,3,7,0,0,0
6,long,kaotik,768036102730284996,A,hain,sunk,7,6,0,1,1,3,0,0,0,0
6,long,kaotik,768036102730284996,B,hain,sunk,2,1,0,1,0,0,0,0,0,0
6,long,kaotik,12213162730581783472,A,crew,port,6,6,1,1,1,3,0,0,0,0
6,long,kaotik,12213162730581783472,B,crew,port,7,7,1,1,1,2,0,0,0,0
6,long,kaotik,5876641304045559215,A,crew,port,7,7,1,1,1,4,0,0,0,0
6,long,kaotik,5876641304045559215,B,hain,sunk,6,5,0,1,1,2,0,0,0,0
6,long,kaotik,3385483207518256754,A,hain,sunk,4,3,0,0,0,2,0,0,0,0
6,long,kaotik,3385483207518256754,B,hain,sunk,4,3,0,0,0,2,0,0,0,0
6,long,kaotik,18361328533391987474,A,hain,sunk,8,7,0,1,1,1,0,0,0,0
6,long,kaotik,18361328533391987474,B,hain,sunk,8,7,0,1,1,1,0,0,0,0
6,long,kaotik,5488811612521880568,A,hain,crew_extinct,7,7,1,1,1,5,0,0,0,0
6,long,kaotik,5488811612521880568,B,hain,crew_extinct,7,7,1,1,1,5,0,0,0,0
7,short,temkinli,14725234001833191855,A,crew,port,4,4,2,1,1,1,0,0,0,0
7,short,temkinli,14725234001833191855,B,crew,port,4,4,2,1,1,1,0,0,0,0
7,short,temkinli,7043561519561473175,A,crew,port,4,4,2,1,1,2,0,0,0,0
7,short,temkinli,7043561519561473175,B,crew,port,5,5,1,1,1,0,0,0,0,0
7,short,temkinli,5496791617921995962,A,hain,scurvy,5,4,2,1,0,1,0,0,0,0
7,short,temkinli,5496791617921995962,B,hain,scurvy,6,5,2,1,0,2,0,0,0,0
7,short,temkinli,4670033237396482159,A,crew,port,5,5,2,1,1,1,0,0,0,0
7,short,temkinli,4670033237396482159,B,crew,port,5,5,2,1,1,1,0,0,0,0
7,short,temkinli,14054387657241011178,A,crew,port,4,4,2,1,1,2,0,0,0,0
7,short,temkinli,14054387657241011178,B,crew,port,4,4,1,1,1,2,0,0,0,0
7,short,temkinli,12852888377286544153,A,hain,sunk,3,2,0,0,0,0,0,0,0,0
7,short,temkinli,12852888377286544153,B,hain,sunk,3,2,0,0,0,0,0,0,0,0
7,short,temkinli,1736800032857211677,A,hain,sunk,5,4,0,1,1,2,0,0,0,0
7,short,temkinli,1736800032857211677,B,hain,sunk,5,4,0,1,1,3,0,0,0,0
7,short,temkinli,9015987786686911932,A,hain,sunk,6,5,0,1,1,1,0,0,0,0
7,short,temkinli,9015987786686911932,B,hain,sunk,2,1,0,1,0,0,0,0,0,0
7,short,temkinli,9761275711340676265,A,crew,port,4,4,1,1,1,2,0,0,0,0
7,short,temkinli,9761275711340676265,B,crew,port,4,4,1,1,1,2,0,0,0,0
7,short,temkinli,8841249218098023792,A,hain,sunk,5,4,0,1,1,2,0,0,0,0
7,short,temkinli,8841249218098023792,B,hain,sunk,5,4,0,1,1,2,0,0,0,0
7,short,temkinli,3149263050446968230,A,hain,scurvy,5,4,1,1,0,2,0,0,0,0
7,short,temkinli,3149263050446968230,B,hain,scurvy,5,4,1,1,0,2,0,0,0,0
7,short,temkinli,11794143320752381015,A,crew,port,5,5,2,0,0,4,0,0,0,0
7,short,temkinli,11794143320752381015,B,crew,port,5,5,2,0,0,3,0,0,0,0
7,short,temkinli,17726644491452033532,A,crew,port,6,6,1,1,1,2,0,0,0,0
7,short,temkinli,17726644491452033532,B,crew,port,5,5,2,1,1,1,0,0,0,0
7,short,temkinli,16118464273160370852,A,crew,port,5,5,1,1,1,2,0,0,0,0
7,short,temkinli,16118464273160370852,B,crew,port,5,5,1,1,1,2,0,0,0,0
7,short,temkinli,17378670520594555857,A,hain,sunk,5,4,0,0,0,1,0,0,0,0
7,short,temkinli,17378670520594555857,B,hain,sunk,5,4,0,0,0,1,0,0,0,0
7,short,temkinli,13206869404343579878,A,hain,sunk,4,3,0,1,1,0,0,0,0,0
7,short,temkinli,13206869404343579878,B,hain,sunk,4,3,0,1,1,1,0,0,0,0
7,short,temkinli,10325288518295350049,A,hain,sunk,3,2,0,1,1,1,0,0,0,0
7,short,temkinli,10325288518295350049,B,hain,sunk,3,2,0,1,1,1,0,0,0,0
7,short,temkinli,16258489486280814761,A,hain,sunk,3,2,0,1,0,0,0,0,0,0
7,short,temkinli,16258489486280814761,B,hain,sunk,3,2,0,1,0,0,0,0,0,0
7,short,temkinli,4119302612778656093,A,hain,sunk,5,4,0,0,0,1,0,0,0,0
7,short,temkinli,4119302612778656093,B,crew,port,5,5,1,0,0,0,0,0,0,0
7,short,temkinli,3243058535304187624,A,crew,port,5,5,2,1,1,1,0,0,0,0
7,short,temkinli,3243058535304187624,B,crew,port,5,5,2,1,1,1,0,0,0,0
7,short,dengeli,5182365214893593950,A,hain,sunk,4,3,0,1,1,1,0,0,0,0
7,short,dengeli,5182365214893593950,B,hain,sunk,4,3,0,1,1,1,0,0,0,0
7,short,dengeli,8522070448037147657,A,hain,scurvy,5,4,1,1,0,2,0,0,0,0
7,short,dengeli,8522070448037147657,B,hain,scurvy,5,4,1,1,0,2,0,0,0,0
7,short,dengeli,12791937038160198221,A,crew,port,5,5,1,1,1,2,0,0,0,0
7,short,dengeli,12791937038160198221,B,crew,port,5,5,1,1,1,2,0,0,0,0
7,short,dengeli,5990757683203196401,A,crew,port,5,5,2,1,1,1,0,0,0,0
7,short,dengeli,5990757683203196401,B,crew,port,5,5,2,1,1,1,0,0,0,0
7,short,dengeli,17159400218946690123,A,crew,port,5,5,2,1,1,3,0,0,0,0
7,short,dengeli,17159400218946690123,B,crew,port,4,4,2,1,1,0,0,0,0,0
7,short,dengeli,17678859082843609438,A,hain,sunk,4,3,0,1,1,1,0,0,0,0
7,short,dengeli,17678859082843609438,B,hain,sunk,4,3,0,1,1,1,0,0,0,0
7,short,dengeli,14300423676478702737,A,crew,port,5,5,2,1,1,4,0,0,0,0
7,short,dengeli,14300423676478702737,B,crew,port,5,5,2,1,1,3,0,0,0,0
7,short,dengeli,17028221644610397499,A,crew,port,5,5,1,1,1,1,0,0,0,0
7,short,dengeli,17028221644610397499,B,crew,port,5,5,1,1,1,1,0,0,0,0
7,short,dengeli,17889176122169262959,A,crew,port,5,5,1,1,1,1,0,0,0,0
7,short,dengeli,17889176122169262959,B,crew,port,5,5,1,1,1,2,0,0,0,0
7,short,dengeli,14403895252708700098,A,hain,sunk,5,4,0,1,1,3,0,0,0,0
7,short,dengeli,14403895252708700098,B,crew,port,6,6,1,1,1,3,0,0,0,0
7,short,dengeli,1075632565718366329,A,crew,port,5,5,1,1,1,2,0,0,0,0
7,short,dengeli,1075632565718366329,B,crew,port,5,5,1,1,1,2,0,0,0,0
7,short,dengeli,16821913241920180380,A,crew,port,4,4,1,0,0,1,0,0,0,0
7,short,dengeli,16821913241920180380,B,crew,port,4,4,1,0,0,2,0,0,0,0
7,short,dengeli,12960679847012327321,A,hain,sunk,5,4,0,1,1,2,0,0,0,0
7,short,dengeli,12960679847012327321,B,hain,sunk,5,4,0,1,1,1,0,0,0,0
7,short,dengeli,10084882406588610998,A,hain,sunk,5,4,0,1,1,1,0,0,0,0
7,short,dengeli,10084882406588610998,B,hain,sunk,5,4,0,1,1,1,0,0,0,0
7,short,dengeli,17739067288804746802,A,hain,sunk,6,5,0,1,0,3,0,0,0,0
7,short,dengeli,17739067288804746802,B,hain,scurvy,5,4,1,1,0,2,0,0,0,0
7,short,dengeli,6466243660189515084,A,hain,sunk,4,3,0,1,0,2,0,0,0,0
7,short,dengeli,6466243660189515084,B,hain,sunk,4,3,0,1,0,2,0,0,0,0
7,short,dengeli,8878976066297984086,A,hain,sunk,4,3,0,0,0,0,0,0,0,0
7,short,dengeli,8878976066297984086,B,hain,sunk,4,3,0,0,0,1,7,0,0,0
7,short,dengeli,4070795036176240839,A,crew,port,5,5,2,1,1,3,0,0,0,0
7,short,dengeli,4070795036176240839,B,crew,port,5,5,2,1,1,1,0,0,0,0
7,short,dengeli,16626955748906109687,A,crew,port,5,5,1,1,1,2,0,0,0,0
7,short,dengeli,16626955748906109687,B,crew,port,5,5,1,1,1,2,0,0,0,0
7,short,dengeli,330190554915077876,A,crew,port,5,5,1,1,1,2,0,0,0,0
7,short,dengeli,330190554915077876,B,crew,port,5,5,1,1,1,2,0,0,0,0
7,short,kaotik,10165462592876840270,A,crew,port,5,5,1,1,1,2,0,0,0,0
7,short,kaotik,10165462592876840270,B,crew,port,6,6,1,1,1,2,0,0,0,0
7,short,kaotik,6569660538853559687,A,crew,port,6,6,1,1,1,2,0,0,0,0
7,short,kaotik,6569660538853559687,B,hain,sunk,3,2,0,1,1,1,0,0,0,0
7,short,kaotik,16900965339096367123,A,crew,port,4,4,1,1,1,1,0,0,0,0
7,short,kaotik,16900965339096367123,B,crew,port,4,4,1,1,1,1,0,0,0,0
7,short,kaotik,3151360799174327297,A,crew,port,5,5,1,1,1,2,0,0,0,0
7,short,kaotik,3151360799174327297,B,crew,port,5,5,1,1,1,2,0,0,0,0
7,short,kaotik,2374876196240500771,A,crew,port,5,5,2,1,1,1,0,0,0,0
7,short,kaotik,2374876196240500771,B,crew,port,5,5,2,1,1,1,0,0,0,0
7,short,kaotik,3278997588182644742,A,hain,scurvy,5,4,1,1,0,1,0,0,0,0
7,short,kaotik,3278997588182644742,B,hain,scurvy,5,4,1,1,0,1,0,0,0,0
7,short,kaotik,10525955669630924430,A,crew,port,6,6,2,1,1,3,0,0,0,0
7,short,kaotik,10525955669630924430,B,crew,port,6,6,2,1,1,3,0,0,0,0
7,short,kaotik,5512166260355940428,A,crew,port,5,5,1,0,0,2,0,0,0,0
7,short,kaotik,5512166260355940428,B,crew,port,5,5,1,0,0,2,0,0,0,0
7,short,kaotik,16430331722765706357,A,crew,port,5,5,1,1,1,1,0,0,0,0
7,short,kaotik,16430331722765706357,B,hain,sunk,4,3,0,1,1,0,0,0,0,0
7,short,kaotik,6996793575583753571,A,crew,port,5,5,1,1,1,2,0,0,0,0
7,short,kaotik,6996793575583753571,B,crew,port,4,4,1,1,1,1,0,0,0,0
7,short,kaotik,9003767038912571095,A,hain,scurvy,4,3,2,1,0,2,0,0,0,0
7,short,kaotik,9003767038912571095,B,hain,scurvy,5,4,2,1,0,3,0,0,0,0
7,short,kaotik,4565160404905634651,A,hain,scurvy,5,4,1,1,0,3,0,0,0,0
7,short,kaotik,4565160404905634651,B,crew,port,5,5,1,1,1,2,0,0,0,0
7,short,kaotik,14468834003506884569,A,crew,port,5,5,1,1,1,2,0,0,0,0
7,short,kaotik,14468834003506884569,B,crew,port,5,5,1,1,1,2,0,0,0,0
7,short,kaotik,880624811861526390,A,crew,port,5,5,1,1,1,2,0,0,0,0
7,short,kaotik,880624811861526390,B,crew,port,5,5,1,1,1,2,0,0,0,0
7,short,kaotik,9349600777482580828,A,crew,port,5,5,1,1,1,3,0,0,0,0
7,short,kaotik,9349600777482580828,B,crew,port,5,5,1,1,1,2,0,0,0,0
7,short,kaotik,13961928857766200992,A,hain,sunk,3,2,0,1,1,0,0,0,0,0
7,short,kaotik,13961928857766200992,B,hain,sunk,4,3,0,1,1,1,0,0,0,0
7,short,kaotik,6214458294368870284,A,crew,port,5,5,1,1,1,2,0,0,0,0
7,short,kaotik,6214458294368870284,B,crew,port,5,5,1,1,1,2,0,0,0,0
7,short,kaotik,7426219332572185966,A,crew,port,5,5,2,1,1,3,0,0,0,0
7,short,kaotik,7426219332572185966,B,crew,port,5,5,2,1,1,3,0,0,0,0
7,short,kaotik,10715494032602036440,A,crew,port,5,5,2,1,1,2,7,0,0,0
7,short,kaotik,10715494032602036440,B,crew,port,5,5,2,1,1,3,7,0,0,0
7,short,kaotik,6161677031034890885,A,hain,sunk,2,1,0,1,0,0,0,0,0,0
7,short,kaotik,6161677031034890885,B,hain,sunk,2,1,0,1,0,0,0,0,0,0
7,normal,temkinli,7494581394822085771,A,crew,port,6,6,2,1,1,3,0,0,0,0
7,normal,temkinli,7494581394822085771,B,crew,port,6,6,2,1,1,3,0,0,0,0
7,normal,temkinli,3267608268909526341,A,hain,sunk,4,3,0,1,1,2,0,0,0,0
7,normal,temkinli,3267608268909526341,B,hain,sunk,4,3,0,1,1,2,0,0,0,0
7,normal,temkinli,5093226872685266039,A,hain,crew_extinct,6,6,1,1,1,5,0,0,0,0
7,normal,temkinli,5093226872685266039,B,hain,crew_extinct,6,6,1,1,1,5,0,0,0,0
7,normal,temkinli,14793184464188992426,A,crew,port,5,5,1,1,1,2,0,0,0,0
7,normal,temkinli,14793184464188992426,B,crew,port,5,5,1,1,1,2,0,0,0,0
7,normal,temkinli,4452654527850852173,A,hain,sunk,6,5,0,1,1,3,0,0,0,0
7,normal,temkinli,4452654527850852173,B,hain,sunk,6,5,0,1,1,1,0,0,0,0
7,normal,temkinli,12739933427631719393,A,crew,port,5,5,1,1,1,2,0,0,0,0
7,normal,temkinli,12739933427631719393,B,crew,port,6,6,2,1,1,3,0,0,0,0
7,normal,temkinli,2520529476585485198,A,hain,sunk,6,5,0,0,0,2,0,0,0,0
7,normal,temkinli,2520529476585485198,B,hain,sunk,6,5,0,0,0,2,0,0,0,0
7,normal,temkinli,12151591607064184183,A,hain,sunk,6,5,0,1,0,1,0,0,0,0
7,normal,temkinli,12151591607064184183,B,hain,sunk,6,5,0,1,0,2,0,0,0,0
7,normal,temkinli,14534129996567924250,A,crew,port,5,5,2,1,1,2,0,0,0,0
7,normal,temkinli,14534129996567924250,B,crew,port,6,6,2,1,1,3,0,0,0,0
7,normal,temkinli,13896421691702861408,A,hain,sunk,4,3,0,1,0,1,0,0,0,0
7,normal,temkinli,13896421691702861408,B,hain,sunk,3,2,0,1,0,1,0,0,0,0
7,normal,temkinli,16781757373639294489,A,hain,sunk,3,2,0,0,0,0,0,0,0,0
7,normal,temkinli,16781757373639294489,B,crew,port,6,6,2,0,0,0,0,0,0,0
7,normal,temkinli,15935012516068503417,A,crew,port,5,5,1,1,1,2,0,0,0,0
7,normal,temkinli,15935012516068503417,B,crew,port,6,6,1,1,1,4,7,0,0,0
7,normal,temkinli,55981736807597275,A,hain,sunk,3,2,0,1,1,0,0,0,0,0
7,normal,temkinli,55981736807597275,B,crew,port,6,6,1,1,1,4,0,0,0,0
7,normal,temkinli,4409244176332593380,A,hain,scurvy,5,4,2,1,0,2,0,0,0,0
7,normal,temkinli,4409244176332593380,B,hain,sunk,7,6,0,1,0,2,0,0,0,0
7,normal,temkinli,11789737018583200657,A,hain,sunk,5,4,0,1,1,1,0,0,0,0
7,normal,temkinli,11789737018583200657,B,hain,sunk,5,4,0,1,1,2,0,0,0,0
7,normal,temkinli,16860576539470452778,A,hain,sunk,5,4,0,0,0,3,0,0,0,0
7,normal,temkinli,16860576539470452778,B,hain,sunk,5,4,0,0,0,3,0,0,0,0
7,normal,temkinli,15908410596716123427,A,crew,port,6,6,1,1,1,3,0,0,0,0
7,normal,temkinli,15908410596716123427,B,crew,port,6,6,1,1,1,3,0,0,0,0
7,normal,temkinli,1301222878794437467,A,hain,sunk,6,5,0,1,0,1,0,0,0,0
7,normal,temkinli,1301222878794437467,B,hain,sunk,6,5,0,1,0,1,0,0,0,0
7,normal,temkinli,3036398528349594733,A,hain,sunk,7,6,0,1,1,3,0,0,0,0
7,normal,temkinli,3036398528349594733,B,crew,port,8,8,2,1,1,3,0,0,0,0
7,normal,temkinli,4617198130182261356,A,hain,sunk,4,3,0,1,1,2,0,0,0,0
7,normal,temkinli,4617198130182261356,B,hain,sunk,4,3,0,1,1,2,0,0,0,0
7,normal,dengeli,2959902105334293299,A,crew,port,6,6,2,1,1,3,0,0,0,0
7,normal,dengeli,2959902105334293299,B,crew,port,6,6,2,1,1,3,0,0,0,0
7,normal,dengeli,282558281414864851,A,hain,sunk,6,5,0,1,1,3,0,0,0,0
7,normal,dengeli,282558281414864851,B,hain,sunk,6,5,0,1,1,3,0,0,0,0
7,normal,dengeli,15129195573011605248,A,hain,sunk,6,5,0,0,0,1,0,0,0,0
7,normal,dengeli,15129195573011605248,B,hain,sunk,6,5,0,0,0,1,0,0,0,0
7,normal,dengeli,4293327416146095495,A,crew,port,5,5,2,1,1,3,0,0,0,0
7,normal,dengeli,4293327416146095495,B,crew,port,6,6,2,1,1,2,0,0,0,0
7,normal,dengeli,17505340315860045745,A,crew,port,5,5,1,1,1,0,0,0,0,0
7,normal,dengeli,17505340315860045745,B,crew,port,5,5,1,1,1,0,0,0,0,0
7,normal,dengeli,13092497531340241011,A,hain,sunk,6,5,0,1,1,2,0,0,0,0
7,normal,dengeli,13092497531340241011,B,hain,sunk,6,5,0,1,1,2,0,0,0,0
7,normal,dengeli,139717221011995716,A,crew,port,6,6,2,1,1,1,0,0,0,0
7,normal,dengeli,139717221011995716,B,crew,port,5,5,2,1,1,1,0,0,0,0
7,normal,dengeli,14960527935315995194,A,hain,crew_extinct,10,10,2,1,1,6,7,0,0,0
7,normal,dengeli,14960527935315995194,B,hain,crew_extinct,10,10,2,1,1,6,7,0,0,0
7,normal,dengeli,17195681117456290391,A,crew,port,6,6,2,1,1,4,0,0,0,0
7,normal,dengeli,17195681117456290391,B,crew,port,6,6,2,1,1,4,0,0,0,0
7,normal,dengeli,581118417225156125,A,hain,crew_extinct,6,6,1,0,0,5,0,0,0,0
7,normal,dengeli,581118417225156125,B,hain,sunk,5,4,0,0,0,2,0,0,0,0
7,normal,dengeli,7590385438978227231,A,crew,port,6,6,1,1,1,2,0,0,0,0
7,normal,dengeli,7590385438978227231,B,crew,port,6,6,2,1,1,3,0,0,0,0
7,normal,dengeli,7566143756474193749,A,hain,sunk,5,4,0,1,1,1,0,0,0,0
7,normal,dengeli,7566143756474193749,B,crew,port,7,7,1,1,1,2,0,0,0,0
7,normal,dengeli,8530309768646403847,A,hain,sunk,4,3,0,1,0,1,0,0,0,0
7,normal,dengeli,8530309768646403847,B,hain,sunk,4,3,0,1,0,1,0,0,0,0
7,normal,dengeli,9710757121479728332,A,hain,sunk,3,2,0,1,1,1,0,0,0,0
7,normal,dengeli,9710757121479728332,B,crew,port,6,6,1,1,1,2,0,0,0,0
7,normal,dengeli,11457037650826082157,A,crew,port,6,6,2,1,1,3,0,0,0,0
7,normal,dengeli,11457037650826082157,B,crew,port,6,6,2,1,1,2,0,0,0,0
7,normal,dengeli,12166609792327717089,A,crew,port,6,6,1,1,1,3,0,0,0,0
7,normal,dengeli,12166609792327717089,B,hain,sunk,6,5,0,1,1,2,0,0,0,0
7,normal,dengeli,9308536893721760506,A,crew,port,6,6,2,1,1,3,0,0,0,0
7,normal,dengeli,9308536893721760506,B,crew,port,6,6,1,1,1,1,0,0,0,0
7,normal,dengeli,6288446880168821078,A,crew,port,7,7,1,1,1,4,0,0,0,0
7,normal,dengeli,6288446880168821078,B,crew,port,7,7,1,1,1,4,0,0,0,0
7,normal,dengeli,13424485865545774781,A,crew,port,6,6,1,1,1,4,0,0,0,0
7,normal,dengeli,13424485865545774781,B,crew,port,6,6,1,1,1,2,0,0,0,0
7,normal,dengeli,13637611990246209931,A,hain,scurvy,6,5,2,1,0,2,0,0,0,0
7,normal,dengeli,13637611990246209931,B,crew,port,6,6,1,1,1,3,0,0,0,0
7,normal,kaotik,9687548955694056478,A,hain,sunk,7,6,0,0,0,2,0,0,0,0
7,normal,kaotik,9687548955694056478,B,hain,sunk,7,6,0,0,0,2,0,0,0,0
7,normal,kaotik,8462876116394365499,A,hain,sunk,6,5,0,1,1,0,0,0,0,0
7,normal,kaotik,8462876116394365499,B,crew,port,6,6,1,1,1,3,0,0,0,0
7,normal,kaotik,18119617966565502260,A,crew,port,6,6,2,1,1,3,0,0,0,0
7,normal,kaotik,18119617966565502260,B,crew,port,6,6,2,1,1,3,0,0,0,0
7,normal,kaotik,14109489829659109543,A,crew,port,6,6,1,1,1,2,0,0,0,0
7,normal,kaotik,14109489829659109543,B,crew,port,6,6,1,1,1,2,0,0,0,0
7,normal,kaotik,6800683444133889164,A,hain,crew_extinct,7,7,2,1,1,6,0,0,0,0
7,normal,kaotik,6800683444133889164,B,crew,port,6,6,1,1,1,2,0,0,0,0
7,normal,kaotik,18030204107092364399,A,hain,sunk,2,1,0,1,0,0,0,0,0,0
7,normal,kaotik,18030204107092364399,B,crew,port,5,5,2,1,1,2,0,0,0,0
7,normal,kaotik,5871651955878594745,A,crew,port,5,5,1,1,1,4,7,0,0,0
7,normal,kaotik,5871651955878594745,B,crew,port,5,5,1,1,1,4,7,0,0,0
7,normal,kaotik,5605022875288131302,A,crew,port,6,6,1,1,1,3,0,0,0,0
7,normal,kaotik,5605022875288131302,B,crew,port,6,6,1,1,1,3,0,0,0,0
7,normal,kaotik,5892945395820351056,A,hain,sunk,5,4,0,1,1,1,0,0,0,0
7,normal,kaotik,5892945395820351056,B,hain,sunk,5,4,0,1,1,1,0,0,0,0
7,normal,kaotik,6471533237849728896,A,crew,port,9,9,1,1,1,5,0,0,0,0
7,normal,kaotik,6471533237849728896,B,crew,port,9,9,1,1,1,5,0,0,0,0
7,normal,kaotik,14846534256753822937,A,crew,port,6,6,2,1,1,3,0,0,0,0
7,normal,kaotik,14846534256753822937,B,crew,port,6,6,2,1,1,3,0,0,0,0
7,normal,kaotik,8520449113965003027,A,hain,sunk,4,3,0,1,1,0,0,0,0,0
7,normal,kaotik,8520449113965003027,B,crew,port,6,6,1,1,1,3,0,0,0,0
7,normal,kaotik,13352319379877138185,A,hain,sunk,4,3,0,1,1,1,0,0,0,0
7,normal,kaotik,13352319379877138185,B,hain,sunk,4,3,0,1,1,1,0,0,0,0
7,normal,kaotik,10384186725040008924,A,crew,port,6,6,2,1,1,1,0,0,0,0
7,normal,kaotik,10384186725040008924,B,crew,port,6,6,2,1,1,1,0,0,0,0
7,normal,kaotik,5804811793019878468,A,crew,port,5,5,2,1,1,2,0,0,0,0
7,normal,kaotik,5804811793019878468,B,crew,port,5,5,2,1,1,2,0,0,0,0
7,normal,kaotik,16845863907360099878,A,crew,port,6,6,2,1,1,3,0,0,0,0
7,normal,kaotik,16845863907360099878,B,crew,port,6,6,2,1,1,3,0,0,0,0
7,normal,kaotik,6534867184426376223,A,crew,port,6,6,2,1,1,2,0,0,0,0
7,normal,kaotik,6534867184426376223,B,crew,port,6,6,2,1,1,2,0,0,0,0
7,normal,kaotik,8969651190013274824,A,crew,port,5,5,1,1,1,3,0,0,0,0
7,normal,kaotik,8969651190013274824,B,hain,sunk,4,3,0,1,1,1,0,0,0,0
7,normal,kaotik,18333012099324149151,A,crew,port,6,6,1,1,1,2,0,0,0,0
7,normal,kaotik,18333012099324149151,B,crew,port,5,5,1,1,1,3,0,0,0,0
7,normal,kaotik,3857990901139480103,A,hain,sunk,4,3,0,1,0,1,0,0,0,0
7,normal,kaotik,3857990901139480103,B,hain,sunk,4,3,0,1,0,1,0,0,0,0
7,long,temkinli,13488619765736769880,A,hain,crew_extinct,6,6,2,1,0,4,0,0,0,0
7,long,temkinli,13488619765736769880,B,crew,port,8,8,2,1,1,4,0,0,0,0
7,long,temkinli,10522994129539711764,A,crew,port,7,7,2,0,0,4,0,0,0,0
7,long,temkinli,10522994129539711764,B,crew,port,7,7,1,0,0,2,0,0,0,0
7,long,temkinli,18372375249520562992,A,hain,crew_extinct,7,7,2,0,0,5,0,0,0,0
7,long,temkinli,18372375249520562992,B,hain,crew_extinct,7,7,2,0,0,5,0,0,0,0
7,long,temkinli,9160157772983698122,A,hain,sunk,12,11,0,1,1,4,0,0,0,0
7,long,temkinli,9160157772983698122,B,hain,sunk,12,11,0,1,1,3,0,0,0,0
7,long,temkinli,17989061747872125439,A,hain,sunk,5,4,0,0,0,1,0,0,0,0
7,long,temkinli,17989061747872125439,B,hain,sunk,7,6,0,0,0,3,0,0,0,0
7,long,temkinli,18340459908473408860,A,crew,port,8,8,2,1,1,4,0,0,0,0
7,long,temkinli,18340459908473408860,B,hain,crew_extinct,9,9,1,1,1,7,0,0,0,0
7,long,temkinli,1177832283809051530,A,crew,port,10,10,1,1,1,5,7,0,0,1
7,long,temkinli,1177832283809051530,B,hain,crew_extinct,7,7,2,1,1,6,7,0,0,1
7,long,temkinli,3130153560851891950,A,hain,sunk,6,5,0,1,1,4,0,0,0,0
7,long,temkinli,3130153560851891950,B,hain,crew_extinct,7,7,1,1,1,4,0,0,0,0
7,long,temkinli,4727946224033566647,A,hain,scurvy,7,6,2,1,0,4,7,0,0,0
7,long,temkinli,4727946224033566647,B,hain,scurvy,7,6,2,1,0,3,7,0,0,0
7,long,temkinli,6394164580795156343,A,crew,port,7,7,2,1,1,4,0,0,0,0
7,long,temkinli,6394164580795156343,B,crew,port,7,7,1,1,1,1,0,0,0,0
7,long,temkinli,12964891233542386891,A,hain,sunk,6,5,0,1,1,1,0,0,0,0
7,long,temkinli,12964891233542386891,B,crew,port,6,6,2,1,1,3,0,0,0,0
7,long,temkinli,11931829278537328319,A,crew,port,7,7,2,1,1,4,0,0,0,0
7,long,temkinli,11931829278537328319,B,hain,crew_extinct,8,8,2,1,1,5,0,0,0,0
7,long,temkinli,12947209372126298867,A,crew,port,7,7,1,1,1,3,7,0,0,0
7,long,temkinli,12947209372126298867,B,crew,port,8,8,1,1,1,3,7,0,0,0
7,long,temkinli,2658726651228644814,A,hain,crew_extinct,7,7,1,0,0,6,0,0,0,0
7,long,temkinli,2658726651228644814,B,hain,sunk,6,5,0,0,0,4,0,0,0,0
7,long,temkinli,8039158904521392530,A,crew,port,7,7,1,0,0,4,0,0,0,0
7,long,temkinli,8039158904521392530,B,hain,sunk,7,6,0,0,0,3,0,0,0,0
7,long,temkinli,17491994882804863704,A,crew,port,7,7,1,1,1,3,0,0,0,0
7,long,temkinli,17491994882804863704,B,hain,sunk,7,6,0,1,1,3,0,0,0,0
7,long,temkinli,16712463069184799824,A,crew,port,6,6,2,1,1,2,0,0,0,0
7,long,temkinli,16712463069184799824,B,crew,port,7,7,2,1,1,3,0,0,0,0
7,long,temkinli,458297331418270247,A,crew,port,7,7,1,1,1,4,0,0,0,0
7,long,temkinli,458297331418270247,B,crew,port,7,7,1,1,1,4,0,0,0,0
7,long,temkinli,2125380370131477848,A,crew,port,8,8,1,1,1,5,0,0,0,0
7,long,temkinli,2125380370131477848,B,crew,port,7,7,1,1,1,5,0,0,0,0
7,long,temkinli,630049950314877927,A,hain,sunk,6,5,0,1,1,3,0,0,0,0
7,long,temkinli,630049950314877927,B,hain,sunk,7,6,0,1,1,4,0,0,0,0
7,long,dengeli,714084746951018079,A,crew,port,7,7,1,1,1,2,0,0,0,0
7,long,dengeli,714084746951018079,B,crew,port,7,7,1,1,1,3,0,0,0,0
7,long,dengeli,13651360450295732781,A,hain,sunk,6,5,0,1,1,1,0,0,0,0
7,long,dengeli,13651360450295732781,B,hain,crew_extinct,9,9,2,1,0,5,0,0,0,0
7,long,dengeli,8852770795343661847,A,hain,sunk,3,2,0,1,0,0,0,0,0,0
7,long,dengeli,8852770795343661847,B,hain,sunk,4,3,0,1,0,1,0,0,0,0
7,long,dengeli,7608625441923741141,A,crew,port,7,7,1,1,1,5,0,0,0,0
7,long,dengeli,7608625441923741141,B,hain,sunk,5,4,0,1,1,0,0,0,0,0
7,long,dengeli,7122053478716914634,A,hain,sunk,4,3,0,1,1,1,0,0,0,0
7,long,dengeli,7122053478716914634,B,hain,sunk,4,3,0,1,1,1,0,0,0,0
7,long,dengeli,13417150292539614827,A,crew,port,6,6,1,1,1,2,0,0,0,0
7,long,dengeli,13417150292539614827,B,hain,sunk,5,4,0,1,1,0,0,0,0,0
7,long,dengeli,6159183671870183530,A,crew,port,6,6,1,1,1,4,0,0,0,0
7,long,dengeli,6159183671870183530,B,crew,port,8,8,1,1,1,3,0,0,0,0
7,long,dengeli,5475647173216017420,A,crew,port,6,6,1,1,1,4,0,0,0,0
7,long,dengeli,5475647173216017420,B,crew,port,6,6,1,1,1,3,0,0,0,0
7,long,dengeli,12698095312931658047,A,hain,sunk,7,6,0,0,0,2,0,0,0,0
7,long,dengeli,12698095312931658047,B,hain,sunk,8,7,0,0,0,2,0,0,0,0
7,long,dengeli,17170305933139139457,A,crew,port,7,7,2,1,1,2,0,0,0,0
7,long,dengeli,17170305933139139457,B,crew,port,7,7,1,1,1,3,0,0,0,0
7,long,dengeli,18249013393043196358,A,crew,port,7,7,2,1,1,4,0,0,0,1
7,long,dengeli,18249013393043196358,B,crew,port,6,6,2,1,1,3,0,0,0,0
7,long,dengeli,15534164809153382984,A,crew,port,7,7,2,1,1,4,0,0,0,0
7,long,dengeli,15534164809153382984,B,crew,port,7,7,2,1,1,4,0,0,0,0
7,long,dengeli,15615081112315617067,A,hain,sunk,6,5,0,1,1,1,0,0,0,0
7,long,dengeli,15615081112315617067,B,hain,sunk,7,6,0,1,1,3,0,0,0,0
7,long,dengeli,14741225966437965508,A,hain,sunk,6,5,0,1,1,2,0,0,0,0
7,long,dengeli,14741225966437965508,B,hain,sunk,2,1,0,1,0,0,0,0,0,0
7,long,dengeli,7980626048349707418,A,hain,sunk,4,3,0,1,1,1,0,0,0,0
7,long,dengeli,7980626048349707418,B,hain,sunk,4,3,0,1,1,1,0,0,0,0
7,long,dengeli,16439234188260511416,A,crew,port,7,7,2,0,0,3,0,0,0,0
7,long,dengeli,16439234188260511416,B,crew,port,7,7,2,0,0,3,0,0,0,0
7,long,dengeli,7086709342770826244,A,crew,port,11,11,2,1,1,4,0,0,0,0
7,long,dengeli,7086709342770826244,B,crew,port,11,11,2,1,1,4,0,0,0,0
7,long,dengeli,428739777124101018,A,hain,sunk,6,5,0,1,1,3,0,0,0,0
7,long,dengeli,428739777124101018,B,crew,port,5,5,1,1,1,3,0,0,0,0
7,long,dengeli,11684421441567441996,A,crew,port,7,7,2,1,1,2,0,0,0,0
7,long,dengeli,11684421441567441996,B,crew,port,7,7,2,1,1,2,0,0,0,0
7,long,dengeli,13674155539556879002,A,hain,sunk,5,4,0,1,0,2,0,0,0,0
7,long,dengeli,13674155539556879002,B,hain,sunk,3,2,0,1,0,0,0,0,0,0
7,long,kaotik,16053701723393383970,A,crew,port,7,7,2,1,1,3,0,0,0,0
7,long,kaotik,16053701723393383970,B,crew,port,7,7,1,1,1,4,0,0,0,0
7,long,kaotik,1034678355804032977,A,hain,scurvy,8,7,1,1,0,3,0,0,0,0
7,long,kaotik,1034678355804032977,B,crew,port,6,6,1,1,1,2,0,0,0,0
7,long,kaotik,271045349420273358,A,hain,sunk,7,6,0,1,1,1,0,0,0,0
7,long,kaotik,271045349420273358,B,hain,sunk,7,6,0,1,1,1,0,0,0,0
7,long,kaotik,17324756398834629380,A,crew,port,7,7,2,1,1,4,0,0,0,0
7,long,kaotik,17324756398834629380,B,crew,port,7,7,1,1,1,3,0,0,0,0
7,long,kaotik,500720950243894482,A,hain,sunk,5,4,0,1,1,3,0,0,0,0
7,long,kaotik,500720950243894482,B,hain,sunk,5,4,0,1,1,0,0,0,0,0
7,long,kaotik,13493799947750719996,A,hain,sunk,3,2,0,1,0,0,0,0,0,0
7,long,kaotik,13493799947750719996,B,hain,sunk,3,2,0,1,0,0,0,0,0,0
7,long,kaotik,12512079935713936215,A,hain,sunk,7,6,0,1,1,2,0,0,0,0
7,long,kaotik,12512079935713936215,B,hain,sunk,7,6,0,1,1,2,0,0,0,0
7,long,kaotik,3631965156048161477,A,hain,crew_extinct,7,7,2,0,0,5,7,0,0,0
7,long,kaotik,3631965156048161477,B,crew,port,8,8,1,0,0,3,0,0,0,0
7,long,kaotik,14117422230790484838,A,crew,port,7,7,2,1,1,3,0,0,0,0
7,long,kaotik,14117422230790484838,B,hain,sunk,6,5,0,1,1,3,0,0,0,0
7,long,kaotik,13207357035218223776,A,crew,port,7,7,2,1,1,2,0,0,0,0
7,long,kaotik,13207357035218223776,B,crew,port,7,7,2,1,1,2,0,0,0,0
7,long,kaotik,17748959370220898764,A,crew,port,7,7,2,1,1,4,0,0,0,0
7,long,kaotik,17748959370220898764,B,crew,port,8,8,2,1,1,4,0,0,0,0
7,long,kaotik,7759116279653366688,A,hain,sunk,9,8,0,1,1,3,0,0,0,0
7,long,kaotik,7759116279653366688,B,hain,sunk,9,8,0,1,1,3,0,0,0,0
7,long,kaotik,14168647121973178186,A,hain,scurvy,8,7,1,1,0,1,0,0,0,0
7,long,kaotik,14168647121973178186,B,hain,scurvy,8,7,1,1,0,1,0,0,0,0
7,long,kaotik,3569173053542038714,A,crew,port,5,5,2,1,1,3,0,0,0,0
7,long,kaotik,3569173053542038714,B,crew,port,6,6,2,1,1,4,0,0,0,0
7,long,kaotik,14326283531865345030,A,crew,port,8,8,1,0,0,4,0,0,0,0
7,long,kaotik,14326283531865345030,B,crew,port,7,7,1,0,0,2,0,0,0,0
7,long,kaotik,2252830941720061343,A,hain,sunk,5,4,0,1,1,2,0,0,0,0
7,long,kaotik,2252830941720061343,B,hain,sunk,5,4,0,1,1,2,0,0,0,0
7,long,kaotik,12614474802189809288,A,crew,port,6,6,2,1,1,3,0,0,0,0
7,long,kaotik,12614474802189809288,B,crew,port,6,6,2,1,1,3,0,0,0,0
7,long,kaotik,16148027076454650213,A,crew,port,6,6,1,0,0,4,0,0,0,0
7,long,kaotik,16148027076454650213,B,crew,port,6,6,1,0,0,4,0,0,0,0
7,long,kaotik,9463389752493364354,A,crew,port,7,7,1,1,1,4,0,0,0,0
7,long,kaotik,9463389752493364354,B,crew,port,8,8,1,1,1,3,0,0,0,0
7,long,kaotik,7583136622209444678,A,crew,port,7,7,1,1,1,3,0,0,0,0
7,long,kaotik,7583136622209444678,B,crew,port,7,7,1,1,1,3,0,0,0,0
8,short,temkinli,13211222601442273493,A,crew,port,5,5,2,1,1,2,0,0,0,0
8,short,temkinli,13211222601442273493,B,crew,port,5,5,2,1,1,2,0,0,0,0
8,short,temkinli,17661788952229139757,A,hain,sunk,3,2,0,1,0,0,0,0,0,0
8,short,temkinli,17661788952229139757,B,crew,port,6,6,1,1,1,2,0,0,0,0
8,short,temkinli,6806615419066233706,A,hain,sunk,4,3,0,1,1,0,0,0,0,0
8,short,temkinli,6806615419066233706,B,hain,sunk,4,3,0,1,1,0,0,0,0,0
8,short,temkinli,3717570654708703276,A,crew,port,5,5,1,1,1,3,0,0,0,0
8,short,temkinli,3717570654708703276,B,hain,sunk,2,1,0,1,0,0,0,0,0,0
8,short,temkinli,12897261328638110809,A,crew,port,5,5,1,1,1,3,0,0,0,0
8,short,temkinli,12897261328638110809,B,crew,port,5,5,1,1,1,3,0,0,0,0
8,short,temkinli,4028089893124309674,A,crew,port,5,5,1,1,1,1,0,0,0,0
8,short,temkinli,4028089893124309674,B,crew,port,5,5,1,1,1,1,0,0,0,0
8,short,temkinli,17872108210986135514,A,crew,port,5,5,1,1,1,1,0,0,0,0
8,short,temkinli,17872108210986135514,B,hain,sunk,5,4,0,1,1,2,0,0,0,0
8,short,temkinli,3078713734110026106,A,hain,sunk,4,3,0,1,0,0,0,0,0,0
8,short,temkinli,3078713734110026106,B,hain,sunk,4,3,0,1,0,0,0,0,0,0
8,short,temkinli,8070576752623604875,A,crew,port,4,4,1,0,0,2,0,0,0,0
8,short,temkinli,8070576752623604875,B,hain,sunk,3,2,0,0,0,0,0,0,0,0
8,short,temkinli,4921247531090298456,A,crew,port,4,4,2,1,1,3,0,0,0,0
8,short,temkinli,4921247531090298456,B,crew,port,4,4,1,1,1,1,0,0,0,0
8,short,temkinli,6254223645672889173,A,hain,scurvy,5,4,1,1,0,2,0,0,0,0
8,short,temkinli,6254223645672889173,B,hain,sunk,5,4,0,1,0,2,0,0,0,0
8,short,temkinli,8201361471645114227,A,crew,port,5,5,2,1,1,2,0,0,0,0
8,short,temkinli,8201361471645114227,B,crew,port,5,5,2,1,1,2,0,0,0,0
8,short,temkinli,8030904314425524939,A,crew,port,5,5,1,1,1,2,0,0,0,0
8,short,temkinli,8030904314425524939,B,crew,port,5,5,1,1,1,2,0,0,0,0
8,short,temkinli,6006471401619703414,A,crew,port,5,5,1,1,1,2,0,0,0,0
8,short,temkinli,6006471401619703414,B,crew,port,5,5,1,1,1,2,0,0,0,0
8,short,temkinli,12644007603601430467,A,hain,sunk,3,2,0,1,1,1,0,0,0,0
8,short,temkinli,12644007603601430467,B,hain,sunk,3,2,0,1,1,0,0,0,0,0
8,short,temkinli,12151545385888530380,A,crew,port,6,6,2,1,1,3,0,0,0,0
8,short,temkinli,12151545385888530380,B,hain,sunk,4,3,0,1,0,2,0,0,0,0
8,short,temkinli,14715751799785887449,A,crew,port,5,5,2,1,1,1,0,0,0,0
8,short,temkinli,14715751799785887449,B,crew,port,5,5,2,1,1,1,0,0,0,0
8,short,temkinli,1027386068281421171,A,crew,port,5,5,2,1,1,1,0,0,0,0
8,short,temkinli,1027386068281421171,B,crew,port,5,5,2,1,1,1,0,0,0,0
8,short,temkinli,14881040713328183503,A,hain,sunk,2,1,0,1,0,0,0,0,0,0
8,short,temkinli,14881040713328183503,B,hain,sunk,3,2,0,1,0,0,0,0,0,0
8,short,temkinli,4189822811137294085,A,crew,port,5,5,1,1,1,2,0,0,0,0
8,short,temkinli,4189822811137294085,B,crew,port,5,5,1,1,1,2,0,0,0,0
8,short,dengeli,13025915005759752176,A,crew,port,5,5,2,1,1,3,0,0,0,0
8,short,dengeli,13025915005759752176,B,hain,sunk,4,3,0,1,1,1,0,0,0,0
8,short,dengeli,9303215179273215007,A,crew,port,6,6,1,1,1,3,0,0,0,0
8,short,dengeli,9303215179273215007,B,hain,sunk,3,2,0,1,1,1,0,0,0,0
8,short,dengeli,10075885472344502685,A,crew,port,5,5,1,0,0,1,0,0,0,0
8,short,dengeli,10075885472344502685,B,crew,port,5,5,2,0,0,2,0,0,0,0
8,short,dengeli,6187192903068270525,A,crew,port,5,5,1,1,1,4,0,0,0,0
8,short,dengeli,6187192903068270525,B,crew,port,5,5,1,1,1,4,0,0,0,0
8,short,dengeli,931754505512838115,A,crew,port,5,5,2,1,1,2,0,0,0,0
8,short,dengeli,931754505512838115,B,hain,scurvy,5,4,2,1,0,0,0,0,0,0
8,short,dengeli,996313145269654999,A,crew,port,4,4,2,0,0,3,0,0,0,0
8,short,dengeli,996313145269654999,B,crew,port,4,4,2,0,0,3,0,0,0,0
8,short,dengeli,2173792120075673137,A,hain,sunk,10,9,0,1,1,4,0,0,0,0
8,short,dengeli,2173792120075673137,B,hain,sunk,10,9,0,1,1,4,0,0,0,0
8,short,dengeli,8616288109308063370,A,crew,port,4,4,1,1,1,2,0,0,0,0
8,short,dengeli,8616288109308063370,B,crew,port,4,4,1,1,1,2,0,0,0,0
8,short,dengeli,7919588250450222366,A,crew,port,4,4,2,1,1,3,7,0,0,0
8,short,dengeli,7919588250450222366,B,crew,port,5,5,1,1,1,2,7,0,0,0
8,short,dengeli,287599417012658047,A,hain,scurvy,5,4,1,1,0,2,0,0,0,0
8,short,dengeli,287599417012658047,B,hain,scurvy,5,4,1,1,0,2,0,0,0,0
8,short,dengeli,9650502268447748083,A,hain,sunk,2,1,0,1,0,0,0,0,0,0
8,short,dengeli,9650502268447748083,B,hain,sunk,2,1,0,1,0,0,0,0,0,0
8,short,dengeli,5806676726962245848,A,crew,port,5,5,1,0,0,3,0,0,0,0
8,short,dengeli,5806676726962245848,B,hain,sunk,4,3,0,0,0,1,0,0,0,0
8,short,dengeli,3564520806949891108,A,crew,port,5,5,2,1,1,3,0,0,0,0
8,short,dengeli,3564520806949891108,B,crew,port,5,5,2,1,1,3,0,0,0,0
8,short,dengeli,18013104449175044432,A,hain,scurvy,5,4,1,1,0,2,0,0,0,0
8,short,dengeli,18013104449175044432,B,hain,scurvy,5,4,1,1,0,2,0,0,0,0
8,short,dengeli,7493550281256180611,A,crew,port,5,5,1,1,1,3,0,0,0,0
8,short,dengeli,7493550281256180611,B,crew,port,5,5,1,1,1,1,0,0,0,0
8,short,dengeli,7602737763503190777,A,hain,sunk,4,3,0,1,1,1,0,0,0,0
8,short,dengeli,7602737763503190777,B,hain,sunk,4,3,0,1,1,1,0,0,0,0
8,short,dengeli,4310722065369082805,A,hain,sunk,3,2,0,1,0,0,0,0,0,0
8,short,dengeli,4310722065369082805,B,hain,sunk,4,3,0,1,0,1,0,0,0,0
8,short,dengeli,2661955581129291439,A,crew,port,6,6,1,1,1,3,0,0,0,0
8,short,dengeli,2661955581129291439,B,crew,port,5,5,1,1,1,3,0,0,0,0
8,short,dengeli,10149281812128414487,A,crew,port,4,4,2,1,1,2,0,0,0,0
8,short,dengeli,10149281812128414487,B,crew,port,4,4,2,1,1,2,0,0,0,0
8,short,dengeli,12724718581895937594,A,crew,port,5,5,1,1,1,1,0,0,0,0
8,short,dengeli,12724718581895937594,B,hain,sunk,4,3,0,1,1,0,0,0,0,0
8,short,kaotik,12490575160890281454,A,crew,port,6,6,1,1,1,1,0,0,0,0
8,short,kaotik,12490575160890281454,B,crew,port,5,5,1,1,1,1,0,0,0,0
8,short,kaotik,8929378615577831753,A,crew,port,5,5,2,1,1,3,0,0,0,0
8,short,kaotik,8929378615577831753,B,crew,port,5,5,2,1,1,3,0,0,0,0
8,short,kaotik,2698618069745802172,A,hain,sunk,5,4,0,1,0,2,0,0,0,0
8,short,kaotik,2698618069745802172,B,hain,sunk,4,3,0,1,0,2,0,0,0,0
8,short,kaotik,9770441414869353285,A,crew,port,4,4,1,0,0,0,0,0,0,0
8,short,kaotik,9770441414869353285,B,crew,port,4,4,2,0,0,1,0,0,0,0
8,short,kaotik,2078065885408128580,A,hain,scurvy,4,3,1,1,0,1,0,0,0,0
8,short,kaotik,2078065885408128580,B,hain,scurvy,4,3,1,1,0,1,0,0,0,0
8,short,kaotik,12957074201049117026,A,hain,sunk,3,2,0,1,0,0,0,0,0,0
8,short,kaotik,12957074201049117026,B,crew,port,5,5,1,1,1,3,0,0,0,0
8,short,kaotik,8119759280890565234,A,crew,port,5,5,1,1,1,4,0,0,0,0
8,short,kaotik,8119759280890565234,B,hain,sunk,3,2,0,1,0,1,0,0,0,0
8,short,kaotik,10977721289343362047,A,crew,port,5,5,2,1,1,1,0,0,0,0
8,short,kaotik,10977721289343362047,B,crew,port,5,5,2,1,1,1,0,0,0,0
8,short,kaotik,7427371428186830284,A,crew,port,5,5,1,1,1,2,0,0,0,0
8,short,kaotik,7427371428186830284,B,crew,port,5,5,1,1,1,2,0,0,0,0
8,short,kaotik,12462353101440424766,A,crew,port,4,4,2,1,1,1,0,0,0,0
8,short,kaotik,12462353101440424766,B,crew,port,4,4,2,1,1,1,0,0,0,0
8,short,kaotik,10905536924427980951,A,hain,sunk,3,2,0,0,0,1,0,0,0,0
8,short,kaotik,10905536924427980951,B,hain,sunk,3,2,0,0,0,1,0,0,0,0
8,short,kaotik,15788955566714532667,A,crew,port,5,5,2,1,1,2,0,0,0,0
8,short,kaotik,15788955566714532667,B,crew,port,5,5,2,1,1,2,0,0,0,0
8,short,kaotik,2771798420131593706,A,crew,port,5,5,2,0,0,3,0,0,0,0
8,short,kaotik,2771798420131593706,B,crew,port,6,6,2,0,0,4,0,0,0,0
8,short,kaotik,13519020499632171442,A,hain,sunk,5,4,0,0,0,1,0,0,0,0
8,short,kaotik,13519020499632171442,B,hain,sunk,5,4,0,0,0,1,0,0,0,0
8,short,kaotik,17629382424957551122,A,crew,port,5,5,2,1,1,3,0,0,0,0
8,short,kaotik,17629382424957551122,B,crew,port,5,5,2,1,1,3,0,0,0,0
8,short,kaotik,11132645057857808750,A,crew,port,6,6,2,1,1,3,0,0,0,0
8,short,kaotik,11132645057857808750,B,crew,port,5,5,2,1,1,3,0,0,0,0
8,short,kaotik,7500307092152585362,A,hain,scurvy,5,4,2,1,0,2,0,0,0,0
8,short,kaotik,7500307092152585362,B,hain,scurvy,5,4,2,1,0,2,0,0,0,0
8,short,kaotik,13602795432645625752,A,crew,port,5,5,1,1,1,2,0,0,0,0
8,short,kaotik,13602795432645625752,B,crew,port,5,5,1,1,1,2,0,0,0,0
8,short,kaotik,14077418116762517612,A,crew,port,6,6,2,1,1,2,0,0,0,0
8,short,kaotik,14077418116762517612,B,crew,port,6,6,2,1,1,3,0,0,0,0
8,short,kaotik,12032575107350569029,A,crew,port,5,5,1,1,1,4,0,0,0,0
8,short,kaotik,12032575107350569029,B,crew,port,5,5,1,1,1,4,0,0,0,0
8,normal,temkinli,16935258145135634814,A,crew,port,7,7,1,0,0,3,0,0,0,0
8,normal,temkinli,16935258145135634814,B,crew,port,6,6,1,0,0,3,0,0,0,0
8,normal,temkinli,16130006945898987101,A,crew,port,6,6,1,1,1,4,0,0,0,0
8,normal,temkinli,16130006945898987101,B,crew,port,6,6,2,1,1,3,0,0,0,0
8,normal,temkinli,9195700741763811068,A,crew,port,6,6,1,1,1,1,0,0,0,0
8,normal,temkinli,9195700741763811068,B,crew,port,6,6,1,1,1,2,0,0,0,0
8,normal,temkinli,2371300006043889208,A,crew,port,7,7,1,1,1,1,0,0,0,0
8,normal,temkinli,2371300006043889208,B,hain,sunk,4,3,0,1,1,1,0,0,0,0
8,normal,temkinli,8446120477697542400,A,crew,port,8,8,1,0,0,5,0,0,0,0
8,normal,temkinli,8446120477697542400,B,crew,port,8,8,1,0,0,3,0,0,0,0
8,normal,temkinli,8275992166997152108,A,hain,sunk,5,4,0,1,1,1,0,0,0,0
8,normal,temkinli,8275992166997152108,B,crew,port,6,6,1,1,1,4,0,0,0,0
8,normal,temkinli,4914220537696660283,A,crew,port,5,5,1,1,1,3,0,0,0,0
8,normal,temkinli,4914220537696660283,B,crew,port,6,6,1,1,1,1,0,0,0,0
8,normal,temkinli,12176105653283163019,A,crew,port,5,5,2,1,1,4,0,0,0,0
8,normal,temkinli,12176105653283163019,B,crew,port,6,6,1,1,1,4,0,0,0,0
8,normal,temkinli,12506599244782662874,A,hain,sunk,4,3,0,1,0,0,0,0,0,0
8,normal,temkinli,12506599244782662874,B,hain,sunk,3,2,0,1,0,0,0,0,0,0
8,normal,temkinli,10675610902835427235,A,crew,port,6,6,1,1,1,3,0,0,0,0
8,normal,temkinli,10675610902835427235,B,crew,port,5,5,1,1,1,4,0,0,0,0
8,normal,temkinli,11953528771936472723,A,crew,port,6,6,2,1,1,2,0,0,0,0
8,normal,temkinli,11953528771936472723,B,crew,port,6,6,2,1,1,2,0,0,0,0
8,normal,temkinli,4090236799229195250,A,crew,port,5,5,1,1,1,4,0,0,0,0
8,normal,temkinli,4090236799229195250,B,hain,sunk,5,4,0,1,1,1,0,0,0,0
8,normal,temkinli,11460065651199933393,A,crew,port,6,6,1,1,1,2,0,0,0,0
8,normal,temkinli,11460065651199933393,B,crew,port,6,6,1,1,1,2,0,0,0,0
8,normal,temkinli,11556445588913880404,A,hain,sunk,4,3,0,1,1,1,0,0,0,0
8,normal,temkinli,11556445588913880404,B,crew,port,7,7,2,1,1,3,0,0,0,0
8,normal,temkinli,14474052114440003970,A,crew,port,6,6,2,1,1,3,0,0,0,0
8,normal,temkinli,14474052114440003970,B,crew,port,6,6,2,1,1,3,0,0,0,0
8,normal,temkinli,1630836648609025412,A,crew,port,5,5,1,1,1,2,0,0,0,0
8,normal,temkinli,1630836648609025412,B,crew,port,5,5,1,1,1,2,0,0,0,0
8,normal,temkinli,6329860932795114265,A,hain,scurvy,7,6,2,1,0,1,0,0,0,0
8,normal,temkinli,6329860932795114265,B,hain,scurvy,7,6,2,1,0,1,0,0,0,0
8,normal,temkinli,820274487273294917,A,hain,sunk,6,5,0,0,0,2,0,0,0,0
8,normal,temkinli,820274487273294917,B,hain,sunk,6,5,0,0,0,1,0,0,0,0
8,normal,temkinli,3185416179713853668,A,crew,port,6,6,2,1,1,1,0,0,0,0
8,normal,temkinli,3185416179713853668,B,crew,port,5,5,2,1,1,2,0,0,0,0
8,normal,temkinli,4765142111022555888,A,crew,port,9,9,1,1,1,3,0,0,0,0
8,normal,temkinli,4765142111022555888,B,crew,port,9,9,1,1,1,3,0,0,0,0
8,normal,dengeli,8214181108868967795,A,crew,port,5,5,2,0,0,2,0,0,0,0
8,normal,dengeli,8214181108868967795,B,crew,port,5,5,2,0,0,3,0,0,0,0
8,normal,dengeli,6114700819562922970,A,crew,port,7,7,1,1,1,4,0,0,0,0
8,normal,dengeli,6114700819562922970,B,hain,sunk,3,2,0,1,0,0,0,0,0,0
8,normal,dengeli,1303704841797350747,A,hain,sunk,6,5,0,0,0,2,0,0,0,0
8,normal,dengeli,1303704841797350747,B,hain,sunk,5,4,0,0,0,1,0,0,0,0
8,normal,dengeli,13716208140019742493,A,crew,port,5,5,2,1,1,3,0,0,0,0
8,normal,dengeli,13716208140019742493,B,crew,port,5,5,2,1,1,3,0,0,0,0
8,normal,dengeli,4645571312620806635,A,hain,sunk,3,2,0,1,0,1,0,0,0,0
8,normal,dengeli,4645571312620806635,B,hain,sunk,3,2,0,1,0,1,0,0,0,0
8,normal,dengeli,16232228190956432662,A,hain,scurvy,6,5,1,1,0,3,0,0,0,0
8,normal,dengeli,16232228190956432662,B,hain,sunk,3,2,0,1,0,0,0,0,0,0
8,normal,dengeli,3691246995798097085,A,crew,port,5,5,2,1,1,3,0,0,0,0
8,normal,dengeli,3691246995798097085,B,crew,port,6,6,2,1,1,2,0,0,0,0
8,normal,dengeli,16491239161237231800,A,crew,port,7,7,2,0,0,5,0,0,0,0
8,normal,dengeli,16491239161237231800,B,crew,port,5,5,1,0,0,1,0,0,0,0
8,normal,dengeli,1154671299846963544,A,hain,scurvy,6,5,2,1,0,2,0,0,0,0
8,normal,dengeli,1154671299846963544,B,hain,scurvy,6,5,2,1,0,1,0,0,0,0
8,normal,dengeli,14462140020329146119,A,crew,port,5,5,2,1,1,2,0,0,0,0
8,normal,dengeli,14462140020329146119,B,crew,port,5,5,2,1,1,2,0,0,0,0
8,normal,dengeli,6218468467657348097,A,crew,port,7,7,1,0,0,2,0,0,0,0
8,normal,dengeli,6218468467657348097,B,crew,port,6,6,1,0,0,3,0,0,0,0
8,normal,dengeli,11586469306598091587,A,crew,port,7,7,1,0,0,3,0,0,0,0
8,normal,dengeli,11586469306598091587,B,crew,port,6,6,2,0,0,4,0,0,0,0
8,normal,dengeli,4055182625390798197,A,crew,port,5,5,1,1,1,2,0,0,0,0
8,normal,dengeli,4055182625390798197,B,crew,port,5,5,1,1,1,2,0,0,0,0
8,normal,dengeli,12920258089440892631,A,hain,sunk,5,4,0,1,1,1,0,0,0,0
8,normal,dengeli,12920258089440892631,B,hain,sunk,5,4,0,1,1,2,0,0,0,0
8,normal,dengeli,4588375080567179352,A,crew,port,6,6,2,0,0,4,0,0,0,0
8,normal,dengeli,4588375080567179352,B,crew,port,6,6,2,0,0,4,0,0,0,0
8,normal,dengeli,17808380835853619971,A,crew,port,6,6,2,1,1,4,0,0,0,0
8,normal,dengeli,17808380835853619971,B,crew,port,6,6,2,1,1,0,0,0,0,0
8,normal,dengeli,7912731762281048614,A,crew,port,6,6,1,1,1,1,0,0,0,0
8,normal,dengeli,7912731762281048614,B,crew,port,6,6,2,1,1,4,0,0,0,0
8,normal,dengeli,12159690956093641384,A,crew,port,6,6,2,1,1,2,0,0,0,0
8,normal,dengeli,12159690956093641384,B,crew,port,6,6,2,1,1,2,0,0,0,0
8,normal,dengeli,16305048148294862645,A,crew,port,6,6,2,1,1,3,0,0,0,0
8,normal,dengeli,16305048148294862645,B,crew,port,6,6,2,1,1,3,0,0,0,0
8,normal,dengeli,7846028298874896970,A,hain,sunk,6,5,0,1,1,3,0,0,0,0
8,normal,dengeli,7846028298874896970,B,hain,sunk,6,5,0,1,1,1,0,0,0,0
8,normal,kaotik,8707732559131512780,A,hain,sunk,6,5,0,1,1,3,0,0,0,0
8,normal,kaotik,8707732559131512780,B,hain,sunk,6,5,0,1,1,3,0,0,0,0
8,normal,kaotik,11353947621700486368,A,crew,port,6,6,2,1,1,1,0,0,0,0
8,normal,kaotik,11353947621700486368,B,crew,port,5,5,2,1,1,0,0,0,0,0
8,normal,kaotik,13616213672990311585,A,crew,port,5,5,2,1,1,2,0,0,0,0
8,normal,kaotik,13616213672990311585,B,crew,port,5,5,2,1,1,2,0,0,0,0
8,normal,kaotik,9981990913858808568,A,crew,port,7,7,1,1,1,3,0,0,0,0
8,normal,kaotik,9981990913858808568,B,crew,port,7,7,1,1,1,3,0,0,0,0
8,normal,kaotik,4453693911722848776,A,hain,sunk,5,4,0,1,1,2,0,0,0,0
8,normal,kaotik,4453693911722848776,B,crew,port,6,6,1,1,1,3,0,0,0,0
8,normal,kaotik,17202161934530179924,A,crew,port,6,6,2,1,1,2,0,0,0,0
8,normal,kaotik,17202161934530179924,B,crew,port,6,6,2,1,1,3,0,0,0,0
8,normal,kaotik,8073630815784053806,A,crew,port,7,7,1,0,0,3,0,0,0,0
8,normal,kaotik,8073630815784053806,B,crew,port,7,7,1,0,0,3,0,0,0,0
8,normal,kaotik,4884159998529597035,A,hain,sunk,5,4,0,1,1,2,0,0,0,0
8,normal,kaotik,4884159998529597035,B,hain,sunk,5,4,0,1,1,2,0,0,0,0
8,normal,kaotik,3022899011154577933,A,hain,scurvy,5,4,2,1,0,1,0,0,0,0
8,normal,kaotik,3022899011154577933,B,hain,scurvy,5,4,1,1,0,1,0,0,0,0
8,normal,kaotik,8069296756803964136,A,crew,port,6,6,2,0,0,4,0,0,0,0
8,normal,kaotik,8069296756803964136,B,crew,port,6,6,2,0,0,4,0,0,0,0
8,normal,kaotik,2458605969414354634,A,crew,port,6,6,2,1,1,5,0,0,0,0
8,normal,kaotik,2458605969414354634,B,hain,scurvy,6,5,1,1,0,4,0,0,0,0
8,normal,kaotik,2062002086431600719,A,hain,sunk,6,5,0,1,1,2,0,0,0,0
8,normal,kaotik,2062002086431600719,B,hain,sunk,6,5,0,1,1,1,0,0,0,0
8,normal,kaotik,13405986828834396234,A,crew,port,7,7,1,1,1,3,0,0,0,0
8,normal,kaotik,13405986828834396234,B,crew,port,7,7,1,1,1,3,0,0,0,0
8,normal,kaotik,1283058147372163523,A,crew,port,6,6,2,1,1,3,0,0,0,0
8,normal,kaotik,1283058147372163523,B,hain,crew_extinct,6,6,2,1,1,5,0,0,0,0
8,normal,kaotik,17964205380627437369,A,crew,port,6,6,1,1,1,4,0,0,0,0
8,normal,kaotik,17964205380627437369,B,crew,port,6,6,1,1,1,4,0,0,0,0
8,normal,kaotik,647372882685362866,A,crew,port,6,6,2,1,1,2,0,0,0,0
8,normal,kaotik,647372882685362866,B,crew,port,6,6,2,1,1,2,0,0,0,0
8,normal,kaotik,12640538210739773207,A,hain,scurvy,6,5,2,1,0,3,0,0,0,0
8,normal,kaotik,12640538210739773207,B,hain,scurvy,6,5,2,1,0,3,0,0,0,0
8,normal,kaotik,13285316722804410802,A,hain,sunk,2,1,0,1,0,0,0,0,0,0
8,normal,kaotik,13285316722804410802,B,hain,sunk,2,1,0,1,0,0,0,0,0,0
8,normal,kaotik,12886960501071153973,A,hain,sunk,4,3,0,1,0,0,0,0,0,0
8,normal,kaotik,12886960501071153973,B,hain,sunk,5,4,0,1,0,3,0,0,0,0
8,normal,kaotik,9582132997644857865,A,hain,scurvy,7,6,1,1,0,3,0,0,0,0
8,normal,kaotik,9582132997644857865,B,crew,port,6,6,1,1,1,5,0,0,0,0
8,long,temkinli,9511556989618093027,A,crew,port,6,6,1,1,1,2,0,0,0,0
8,long,temkinli,9511556989618093027,B,hain,sunk,5,4,0,1,1,1,0,0,0,0
8,long,temkinli,8467469902822779175,A,crew,port,8,8,1,1,1,2,0,0,0,0
8,long,temkinli,8467469902822779175,B,crew,port,8,8,2,1,1,3,0,0,0,0
8,long,temkinli,15705627678228982504,A,crew,port,6,6,2,1,1,3,0,0,0,0
8,long,temkinli,15705627678228982504,B,crew,port,6,6,2,1,1,2,0,0,0,0
8,long,temkinli,13380385421920402804,A,crew,port,7,7,1,1,1,4,0,0,0,0
8,long,temkinli,13380385421920402804,B,crew,port,7,7,1,1,1,3,0,0,0,0
8,long,temkinli,18123277170688712014,A,crew,port,7,7,1,1,1,2,0,0,0,0
8,long,temkinli,18123277170688712014,B,crew,port,8,8,1,1,1,3,0,0,0,0
8,long,temkinli,393349182671059399,A,crew,port,8,8,1,1,1,2,0,0,0,0
8,long,temkinli,393349182671059399,B,crew,port,7,7,2,1,1,3,0,0,0,0
8,long,temkinli,8286300484243937200,A,crew,port,7,7,2,0,0,3,0,0,0,0
8,long,temkinli,8286300484243937200,B,hain,sunk,7,6,0,0,0,0,0,0,0,0
8,long,temkinli,9666783835513624291,A,hain,sunk,4,3,0,1,0,1,0,0,0,0
8,long,temkinli,9666783835513624291,B,hain,sunk,4,3,0,1,0,1,0,0,0,0
8,long,temkinli,14735829955230316782,A,crew,port,10,10,2,1,1,4,7,0,0,0
8,long,temkinli,14735829955230316782,B,crew,port,10,10,2,1,1,4,7,0,0,0
8,long,temkinli,6867294085729370926,A,hain,sunk,5,4,0,0,0,2,0,0,0,0
8,long,temkinli,6867294085729370926,B,hain,sunk,7,6,0,0,0,3,0,0,0,0
8,long,temkinli,15727662014684700444,A,crew,port,7,7,2,1,1,4,0,0,0,0
8,long,temkinli,15727662014684700444,B,hain,sunk,4,3,0,1,0,2,0,0,0,0
8,long,temkinli,11456997485876159199,A,hain,sunk,8,7,0,1,0,1,0,0,0,0
8,long,temkinli,11456997485876159199,B,crew,port,9,9,1,1,1,4,0,0,0,0
8,long,temkinli,5959579762209374818,A,crew,port,6,6,2,1,1,2,0,0,0,0
8,long,temkinli,5959579762209374818,B,hain,sunk,3,2,0,1,0,0,0,0,0,0
8,long,temkinli,17009118444163449594,A,crew,port,6,6,1,1,1,4,0,0,0,0
8,long,temkinli,17009118444163449594,B,crew,port,6,6,1,1,1,4,0,0,0,0
8,long,temkinli,15627808565687194378,A,crew,port,7,7,2,1,1,2,0,0,0,0
8,long,temkinli,15627808565687194378,B,crew,port,7,7,2,1,1,3,0,0,0,0
8,long,temkinli,3558516942434943733,A,crew,port,6,6,1,0,0,4,0,0,0,0
8,long,temkinli,3558516942434943733,B,hain,sunk,6,5,0,0,0,3,0,0,0,0
8,long,temkinli,13699286614253575956,A,hain,scurvy,7,6,2,1,0,4,0,0,0,0
8,long,temkinli,13699286614253575956,B,crew,port,7,7,2,1,1,4,0,0,0,0
8,long,temkinli,13022465188538725298,A,hain,sunk,7,6,0,0,0,1,0,0,0,0
8,long,temkinli,13022465188538725298,B,crew,port,6,6,1,0,0,4,0,0,0,0
8,long,temkinli,1953787617680814543,A,crew,port,7,7,2,1,1,3,0,0,0,0
8,long,temkinli,1953787617680814543,B,hain,sunk,7,6,0,1,1,3,0,0,0,0
8,long,temkinli,12754778796149250527,A,crew,port,7,7,1,1,1,3,0,0,0,0
8,long,temkinli,12754778796149250527,B,crew,port,7,7,1,1,1,3,0,0,0,0
8,long,dengeli,5316579511397095065,A,crew,port,7,7,1,1,1,3,0,0,0,0
8,long,dengeli,5316579511397095065,B,crew,port,7,7,1,1,1,3,0,0,0,0
8,long,dengeli,15787620932115753522,A,crew,port,7,7,1,1,1,3,0,0,0,0
8,long,dengeli,15787620932115753522,B,crew,port,7,7,1,1,1,3,0,0,0,0
8,long,dengeli,2545163762148652599,A,hain,sunk,2,1,0,1,0,0,0,0,0,0
8,long,dengeli,2545163762148652599,B,hain,sunk,2,1,0,1,0,0,0,0,0,0
8,long,dengeli,15803572066293834997,A,hain,sunk,6,5,0,1,1,4,0,0,0,0
8,long,dengeli,15803572066293834997,B,crew,port,5,5,1,1,1,4,0,0,0,0
8,long,dengeli,9374468820841389755,A,crew,port,6,6,1,0,0,2,0,0,0,0
8,long,dengeli,9374468820841389755,B,crew,port,7,7,1,0,0,2,0,0,0,0
8,long,dengeli,16456673679929988336,A,crew,port,7,7,1,1,1,4,7,0,0,0
8,long,dengeli,16456673679929988336,B,crew,port,7,7,1,1,1,2,7,0,0,0
8,long,dengeli,832970449759339971,A,hain,sunk,7,6,0,1,1,3,0,0,0,0
8,long,dengeli,832970449759339971,B,hain,sunk,7,6,0,1,1,3,0,0,0,0
8,long,dengeli,12209495644453882862,A,hain,sunk,7,6,0,0,0,4,0,0,0,0
8,long,dengeli,12209495644453882862,B,hain,sunk,7,6,0,0,0,4,0,0,0,0
8,long,dengeli,7194654213434999479,A,crew,port,6,6,1,1,1,2,0,0,0,0
8,long,dengeli,7194654213434999479,B,crew,port,7,7,1,1,1,5,0,0,0,0
8,long,dengeli,16296473926280057770,A,crew,port,8,8,2,1,1,3,0,0,0,0
8,long,dengeli,16296473926280057770,B,hain,crew_extinct,8,8,2,1,1,6,0,0,0,0
8,long,dengeli,5174778271183231211,A,crew,port,7,7,2,1,1,4,0,0,0,0
8,long,dengeli,5174778271183231211,B,crew,port,7,7,2,1,1,3,0,0,0,1
8,long,dengeli,16910200720976515934,A,hain,sunk,3,2,0,1,1,0,0,0,0,0
8,long,dengeli,16910200720976515934,B,crew,port,7,7,2,1,1,3,0,0,0,0
8,long,dengeli,1487754418297686620,A,hain,crew_extinct,7,7,2,1,1,6,0,0,0,0
8,long,dengeli,1487754418297686620,B,hain,crew_extinct,7,7,1,1,1,5,0,0,0,0
8,long,dengeli,10890356487827604661,A,hain,sunk,5,4,0,1,1,1,0,0,0,0
8,long,dengeli,10890356487827604661,B,crew,port,6,6,2,1,1,2,0,0,0,0
8,long,dengeli,8659910010470097714,A,hain,crew_extinct,12,12,1,1,1,6,0,0,0,0
8,long,dengeli,8659910010470097714,B,crew,port,8,8,1,1,1,4,0,0,0,0
8,long,dengeli,4122373552231212445,A,crew,port,6,6,2,1,1,2,0,0,0,0
8,long,dengeli,4122373552231212445,B,crew,port,7,7,1,1,1,3,0,0,0,0
8,long,dengeli,17068581601464059703,A,crew,port,6,6,1,1,1,0,0,0,0,0
8,long,dengeli,17068581601464059703,B,crew,port,6,6,1,1,1,0,0,0,0,0
8,long,dengeli,4292282266347520965,A,crew,port,7,7,1,1,1,2,0,0,0,0
8,long,dengeli,4292282266347520965,B,hain,sunk,7,6,0,1,1,0,0,0,0,0
8,long,dengeli,338095128354697763,A,crew,port,6,6,1,1,1,2,0,0,0,0
8,long,dengeli,338095128354697763,B,crew,port,6,6,1,1,1,2,0,0,0,0
8,long,dengeli,12143629685422221614,A,crew,port,7,7,2,1,1,4,0,0,0,0
8,long,dengeli,12143629685422221614,B,hain,crew_extinct,8,8,1,1,1,5,0,0,0,0
8,long,kaotik,3217475998495186596,A,crew,port,8,8,2,1,1,2,0,0,0,0
8,long,kaotik,3217475998495186596,B,hain,sunk,6,5,0,1,1,3,0,0,0,0
8,long,kaotik,15725640763742637515,A,crew,port,7,7,2,1,1,3,0,0,0,0
8,long,kaotik,15725640763742637515,B,crew,port,7,7,2,1,1,1,0,0,0,0
8,long,kaotik,696539012536781440,A,hain,sunk,3,2,0,0,0,0,0,0,0,0
8,long,kaotik,696539012536781440,B,hain,sunk,3,2,0,0,0,0,0,0,0,0
8,long,kaotik,6202976171653259934,A,crew,port,5,5,1,1,1,3,0,0,0,0
8,long,kaotik,6202976171653259934,B,crew,port,6,6,2,1,1,3,0,0,0,0
8,long,kaotik,6244729038286561461,A,hain,crew_extinct,8,8,1,1,1,5,0,0,0,0
8,long,kaotik,6244729038286561461,B,hain,crew_extinct,7,7,1,1,1,5,0,0,0,0
8,long,kaotik,14909062606906918531,A,hain,sunk,4,3,0,1,1,0,0,0,0,0
8,long,kaotik,14909062606906918531,B,hain,sunk,4,3,0,1,1,0,0,0,0,0
8,long,kaotik,914934821894641639,A,crew,port,7,7,1,0,0,4,0,0,0,0
8,long,kaotik,914934821894641639,B,crew,port,7,7,1,0,0,4,0,0,0,0
8,long,kaotik,12624758062879890952,A,crew,port,10,10,1,1,1,6,0,0,0,0
8,long,kaotik,12624758062879890952,B,crew,port,10,10,1,1,1,6,0,0,0,0
8,long,kaotik,10246716769832785330,A,crew,port,7,7,1,1,1,3,0,0,0,0
8,long,kaotik,10246716769832785330,B,crew,port,6,6,1,1,1,3,0,0,0,0
8,long,kaotik,18024028633359193413,A,crew,port,7,7,1,0,0,5,0,0,0,0
8,long,kaotik,18024028633359193413,B,crew,port,7,7,1,0,0,3,7,0,0,0
8,long,kaotik,9187683263950021670,A,crew,port,7,7,1,1,1,4,0,0,0,0
8,long,kaotik,9187683263950021670,B,hain,sunk,6,5,0,1,1,1,0,0,0,0
8,long,kaotik,9660773610835732659,A,crew,port,7,7,2,0,0,4,0,0,0,0
8,long,kaotik,9660773610835732659,B,crew,port,7,7,2,0,0,2,0,0,0,0
8,long,kaotik,1046126108437322674,A,hain,sunk,4,3,0,1,0,1,0,0,0,0
8,long,kaotik,1046126108437322674,B,hain,scurvy,9,8,1,1,0,1,0,0,0,0
8,long,kaotik,3845506394656394709,A,crew,port,12,12,1,1,1,6,0,0,0,0
8,long,kaotik,3845506394656394709,B,crew,port,12,12,1,1,1,6,0,0,0,0
8,long,kaotik,11237572899508362323,A,hain,sunk,5,4,0,1,1,1,0,0,0,0
8,long,kaotik,11237572899508362323,B,hain,scurvy,6,5,1,1,0,3,0,0,0,0
8,long,kaotik,5393592746608055343,A,hain,crew_extinct,6,6,1,1,0,5,0,0,0,0
8,long,kaotik,5393592746608055343,B,crew,port,7,7,2,1,1,4,0,0,0,0
8,long,kaotik,14265189708175368609,A,crew,port,6,6,1,1,1,3,0,0,0,0
8,long,kaotik,14265189708175368609,B,crew,port,6,6,1,1,1,3,0,0,0,0
8,long,kaotik,7012118568123055176,A,hain,sunk,5,4,0,1,1,2,0,0,0,0
8,long,kaotik,7012118568123055176,B,hain,sunk,5,4,0,1,1,2,0,0,0,0
8,long,kaotik,7043971675884008443,A,hain,sunk,3,2,0,1,0,1,0,0,0,0
8,long,kaotik,7043971675884008443,B,crew,port,8,8,2,1,1,4,0,0,0,0
8,long,kaotik,16880324549363783409,A,crew,port,8,8,1,1,1,4,0,0,0,0
8,long,kaotik,16880324549363783409,B,crew,port,6,6,1,1,1,3,0,0,0,0
9,short,temkinli,6396612841173866423,A,crew,port,5,5,1,1,1,3,0,0,0,0
9,short,temkinli,6396612841173866423,B,crew,port,5,5,1,1,1,2,0,0,0,0
9,short,temkinli,2429322363568500682,A,crew,port,5,5,1,1,1,4,0,0,0,0
9,short,temkinli,2429322363568500682,B,crew,port,5,5,1,1,1,4,0,0,0,0
9,short,temkinli,5208447781902261174,A,hain,sunk,4,3,0,1,0,1,7,0,0,0
9,short,temkinli,5208447781902261174,B,hain,sunk,4,3,0,1,0,1,7,0,0,0
9,short,temkinli,17330613152494672096,A,crew,port,4,4,2,1,1,3,0,0,0,0
9,short,temkinli,17330613152494672096,B,crew,port,4,4,2,1,1,2,0,0,0,0
9,short,temkinli,1089591474719743112,A,hain,sunk,5,4,0,1,1,1,0,0,0,0
9,short,temkinli,1089591474719743112,B,hain,sunk,6,5,0,1,0,2,7,0,0,0
9,short,temkinli,7866957357921279357,A,crew,port,5,5,1,0,0,4,0,0,0,0
9,short,temkinli,7866957357921279357,B,crew,port,5,5,1,0,0,4,0,0,0,0
9,short,temkinli,6014873111807905567,A,crew,port,5,5,2,1,1,3,0,0,0,0
9,short,temkinli,6014873111807905567,B,crew,port,5,5,2,1,1,3,0,0,0,0
9,short,temkinli,11850922739372485339,A,crew,port,5,5,2,1,1,3,0,0,0,0
9,short,temkinli,11850922739372485339,B,crew,port,5,5,1,1,1,4,0,0,0,0
9,short,temkinli,4683154597260127134,A,crew,port,5,5,1,0,0,2,0,0,0,0
9,short,temkinli,4683154597260127134,B,hain,sunk,5,4,0,0,0,1,0,0,0,0
9,short,temkinli,3008313652025636890,A,hain,sunk,5,4,0,1,0,2,0,0,0,0
9,short,temkinli,3008313652025636890,B,hain,sunk,5,4,0,1,0,2,0,0,0,0
9,short,temkinli,10414459261246400887,A,hain,sunk,10,9,0,1,1,2,7,0,0,0
9,short,temkinli,10414459261246400887,B,hain,sunk,10,9,0,1,1,2,7,0,0,0
9,short,temkinli,2019489748461656133,A,hain,sunk,3,2,0,1,1,0,0,0,0,0
9,short,temkinli,2019489748461656133,B,hain,sunk,3,2,0,1,1,0,0,0,0,0
9,short,temkinli,1061798739807372858,A,crew,port,5,5,2,1,1,2,0,0,0,0
9,short,temkinli,1061798739807372858,B,crew,port,5,5,2,1,1,2,0,0,0,0
9,short,temkinli,10793891548251027093,A,crew,port,4,4,1,1,1,2,0,0,0,0
9,short,temkinli,10793891548251027093,B,crew,port,4,4,1,1,1,2,0,0,0,0
9,short,temkinli,11664813545584965297,A,crew,port,5,5,1,1,1,4,0,0,0,0
9,short,temkinli,11664813545584965297,B,hain,sunk,5,4,0,1,1,3,0,0,0,0
9,short,temkinli,6672224427464881601,A,crew,port,5,5,1,1,1,2,0,0,0,0
9,short,temkinli,6672224427464881601,B,crew,port,5,5,1,1,1,1,0,0,0,0
9,short,temkinli,493096165072625231,A,hain,sunk,5,4,0,1,1,2,0,0,0,0
9,short,temkinli,493096165072625231,B,hain,sunk,5,4,0,1,1,2,0,0,0,0
9,short,temkinli,15386470201998968519,A,crew,port,4,4,2,1,1,0,0,0,0,0
9,short,temkinli,15386470201998968519,B,crew,port,4,4,2,1,1,2,0,0,0,0
9,short,temkinli,17721843291810785512,A,crew,port,5,5,2,1,1,3,0,0,0,0
9,short,temkinli,17721843291810785512,B,crew,port,5,5,2,1,1,3,0,0,0,0
9,short,temkinli,10610128379450482417,A,crew,port,5,5,1,1,1,2,0,0,0,0
9,short,temkinli,10610128379450482417,B,crew,port,5,5,1,1,1,2,0,0,0,0
9,short,dengeli,1235004503111125004,A,crew,port,5,5,2,0,0,3,0,0,0,0
9,short,dengeli,1235004503111125004,B,hain,sunk,4,3,0,0,0,0,0,0,0,0
9,short,dengeli,5952465909818157633,A,crew,port,5,5,2,1,1,2,0,0,0,0
9,short,dengeli,5952465909818157633,B,crew,port,5,5,2,1,1,2,0,0,0,0
9,short,dengeli,3190225250413797125,A,crew,port,5,5,1,1,1,2,0,0,0,0
9,short,dengeli,3190225250413797125,B,crew,port,5,5,1,1,1,2,0,0,0,0
9,short,dengeli,8852940829148532174,A,hain,sunk,5,4,0,1,1,1,0,0,0,0
9,short,dengeli,8852940829148532174,B,hain,sunk,5,4,0,1,1,2,0,0,0,0
9,short,dengeli,9649412919644689007,A,crew,port,5,5,2,1,1,2,0,0,0,0
9,short,dengeli,9649412919644689007,B,crew,port,5,5,2,1,1,2,0,0,0,0
9,short,dengeli,10395310684705413009,A,crew,port,5,5,1,1,1,2,0,0,0,0
9,short,dengeli,10395310684705413009,B,crew,port,5,5,1,1,1,2,0,0,0,0
9,short,dengeli,15712748260712380938,A,crew,port,5,5,2,0,0,2,0,0,0,0
9,short,dengeli,15712748260712380938,B,hain,sunk,4,3,0,0,0,2,0,0,0,0
9,short,dengeli,6063351446567805382,A,hain,sunk,3,2,0,1,0,0,0,0,0,0
9,short,dengeli,6063351446567805382,B,hain,sunk,3,2,0,1,0,0,0,0,0,0
9,short,dengeli,2163420528652869109,A,crew,port,5,5,1,1,1,2,0,0,0,0
9,short,dengeli,2163420528652869109,B,crew,port,5,5,1,1,1,2,0,0,0,0
9,short,dengeli,15909757328592004858,A,crew,port,5,5,1,1,1,0,0,0,0,0
9,short,dengeli,15909757328592004858,B,crew,port,5,5,1,1,1,0,0,0,0,0
9,short,dengeli,3251547743219699060,A,hain,sunk,3,2,0,1,0,1,0,0,0,0
9,short,dengeli,3251547743219699060,B,hain,sunk,3,2,0,1,0,0,0,0,0,0
9,short,dengeli,2945319281381682656,A,crew,port,5,5,1,0,0,3,0,0,0,0
9,short,dengeli,2945319281381682656,B,crew,port,5,5,1,0,0,3,0,0,0,0
9,short,dengeli,18201202985313379684,A,hain,sunk,4,3,0,1,1,0,0,0,0,0
9,short,dengeli,18201202985313379684,B,hain,sunk,4,3,0,1,1,0,0,0,0,0
9,short,dengeli,13932489320592563102,A,crew,port,10,10,1,0,0,2,7,0,0,0
9,short,dengeli,13932489320592563102,B,crew,port,10,10,1,0,0,2,7,0,0,0
9,short,dengeli,14609398720434179745,A,hain,scurvy,5,4,2,1,0,2,0,0,0,0
9,short,dengeli,14609398720434179745,B,crew,port,4,4,1,1,1,3,0,0,0,0
9,short,dengeli,3121486003993390465,A,hain,sunk,5,4,0,1,0,2,0,0,0,0
9,short,dengeli,3121486003993390465,B,hain,sunk,5,4,0,1,0,2,0,0,0,0
9,short,dengeli,3721328116358617173,A,hain,sunk,5,4,0,1,1,2,0,0,0,0
9,short,dengeli,3721328116358617173,B,hain,sunk,5,4,0,1,1,2,0,0,0,0
9,short,dengeli,12675951062263254434,A,crew,port,5,5,2,0,0,2,7,0,0,0
9,short,dengeli,12675951062263254434,B,crew,port,5,5,2,0,0,2,7,0,0,0
9,short,dengeli,5293602974125200969,A,hain,scurvy,5,4,2,1,0,1,0,0,0,0
9,short,dengeli,5293602974125200969,B,hain,scurvy,6,5,2,1,0,2,0,0,0,0
9,short,dengeli,18065991947550663282,A,crew,port,5,5,1,1,1,1,0,0,0,0
9,short,dengeli,18065991947550663282,B,crew,port,5,5,1,1,1,1,0,0,0,0
9,short,kaotik,17781716219831442307,A,hain,sunk,3,2,0,1,1,1,0,0,0,0
9,short,kaotik,17781716219831442307,B,hain,sunk,4,3,0,1,1,1,0,0,0,0
9,short,kaotik,17932513009835582083,A,crew,port,5,5,1,1,1,1,0,0,0,0
9,short,kaotik,17932513009835582083,B,crew,port,5,5,1,1,1,1,0,0,0,0
9,short,kaotik,5345341778120111921,A,crew,port,4,4,2,1,1,2,0,0,0,0
9,short,kaotik,5345341778120111921,B,crew,port,4,4,2,1,1,2,0,0,0,0
9,short,kaotik,664314471909758094,A,crew,port,4,4,2,1,1,0,7,0,0,0
9,short,kaotik,664314471909758094,B,crew,port,5,5,2,1,1,2,0,0,0,0
9,short,kaotik,4971406655378242362,A,crew,port,4,4,2,1,1,3,0,0,0,0
9,short,kaotik,4971406655378242362,B,crew,port,4,4,2,1,1,3,0,0,0,0
9,short,kaotik,13634215896581836674,A,crew,port,5,5,2,1,1,1,0,0,0,0
9,short,kaotik,13634215896581836674,B,crew,port,5,5,2,1,1,1,0,0,0,0
9,short,kaotik,7845436395089534580,A,crew,port,6,6,1,1,1,3,0,0,0,0
9,short,kaotik,7845436395089534580,B,hain,sunk,5,4,0,1,1,1,0,0,0,0
9,short,kaotik,15230629435425175305,A,hain,sunk,2,1,0,1,0,0,0,0,0,0
9,short,kaotik,15230629435425175305,B,hain,sunk,4,3,0,1,0,1,0,0,0,0
9,short,kaotik,2491256233512120778,A,crew,port,5,5,1,1,1,1,0,0,0,0
9,short,kaotik,2491256233512120778,B,crew,port,6,6,2,1,1,2,0,0,0,0
9,short,kaotik,12159863371366786931,A,hain,sunk,5,4,0,1,1,1,0,0,0,0
9,short,kaotik,12159863371366786931,B,hain,sunk,6,5,0,1,1,0,0,0,0,0
9,short,kaotik,16733344671940045440,A,crew,port,5,5,2,1,1,3,0,0,0,0
9,short,kaotik,16733344671940045440,B,crew,port,5,5,2,1,1,3,0,0,0,0
9,short,kaotik,8699352891803157048,A,hain,sunk,4,3,0,1,1,0,0,0,0,0
9,short,kaotik,8699352891803157048,B,hain,sunk,4,3,0,1,1,0,0,0,0,0
9,short,kaotik,8298661032951475638,A,crew,port,5,5,1,1,1,2,7,0,0,0
9,short,kaotik,8298661032951475638,B,crew,port,5,5,2,1,1,3,0,0,0,0
9,short,kaotik,8174818414593856252,A,hain,sunk,6,5,0,1,1,4,0,0,0,0
9,short,kaotik,8174818414593856252,B,hain,sunk,6,5,0,1,1,4,0,0,0,0
9,short,kaotik,53524582300594163,A,crew,port,4,4,2,1,1,3,0,0,0,0
9,short,kaotik,53524582300594163,B,crew,port,4,4,2,1,1,3,0,0,0,0
9,short,kaotik,17289733474293017278,A,hain,sunk,4,3,0,1,1,1,0,0,0,0
9,short,kaotik,17289733474293017278,B,hain,sunk,4,3,0,1,1,1,0,0,0,0
9,short,kaotik,12123769150742132880,A,crew,port,4,4,2,1,1,2,0,0,0,0
9,short,kaotik,12123769150742132880,B,crew,port,4,4,2,1,1,0,0,0,0,0
9,short,kaotik,13474404331312131789,A,hain,sunk,3,2,0,1,1,1,0,0,0,0
9,short,kaotik,13474404331312131789,B,hain,sunk,3,2,0,1,1,0,0,0,0,0
9,short,kaotik,6663929929932755694,A,crew,port,5,5,1,1,1,2,0,0,0,0
9,short,kaotik,6663929929932755694,B,crew,port,5,5,1,1,1,2,0,0,0,0
9,short,kaotik,7388646150129054896,A,hain,sunk,2,1,0,0,0,0,0,0,0,0
9,short,kaotik,7388646150129054896,B,hain,sunk,4,3,0,0,0,1,0,0,0,0
9,normal,temkinli,12788713379663139979,A,crew,port,5,5,1,1,1,2,0,0,0,0
9,normal,temkinli,12788713379663139979,B,crew,port,5,5,1,1,1,2,0,0,0,0
9,normal,temkinli,5605006377644857999,A,crew,port,7,7,2,1,1,2,0,0,0,0
9,normal,temkinli,5605006377644857999,B,crew,port,5,5,2,1,1,1,0,0,0,0
9,normal,temkinli,7826341455236130394,A,crew,port,6,6,2,1,1,3,0,0,0,0
9,normal,temkinli,7826341455236130394,B,hain,scurvy,5,4,2,1,0,2,0,0,0,0
9,normal,temkinli,336218019407933175,A,hain,sunk,4,3,0,1,0,1,0,0,0,0
9,normal,temkinli,336218019407933175,B,crew,port,6,6,1,1,1,1,0,0,0,0
9,normal,temkinli,7965726300431938198,A,hain,sunk,4,3,0,1,1,0,0,0,0,0
9,normal,temkinli,7965726300431938198,B,crew,port,6,6,2,1,1,0,0,0,0,0
9,normal,temkinli,13180662662672414663,A,crew,port,5,5,1,1,1,4,0,0,0,0
9,normal,temkinli,13180662662672414663,B,crew,port,5,5,1,1,1,4,0,0,0,0
9,normal,temkinli,2745651932375358329,A,hain,sunk,4,3,0,1,0,2,0,0,0,0
9,normal,temkinli,2745651932375358329,B,crew,port,6,6,1,1,1,3,0,0,0,0
9,normal,temkinli,8809675892061814600,A,crew,port,6,6,1,1,1,2,0,0,0,0
9,normal,temkinli,8809675892061814600,B,crew,port,6,6,1,1,1,2,0,0,0,0
9,normal,temkinli,16197796175485709294,A,crew,port,8,8,2,1,1,2,7,0,0,0
9,normal,temkinli,16197796175485709294,B,crew,port,8,8,2,1,1,2,7,0,0,0
9,normal,temkinli,14274880277476515658,A,crew,port,5,5,2,1,1,1,0,0,0,0
9,normal,temkinli,14274880277476515658,B,crew,port,5,5,2,1,1,1,0,0,0,0
9,normal,temkinli,7270574856051960109,A,hain,scurvy,6,5,2,1,0,1,0,0,0,0
9,normal,temkinli,7270574856051960109,B,hain,scurvy,6,5,2,1,0,2,0,0,0,0
9,normal,temkinli,13226868807678749087,A,crew,port,6,6,2,1,1,5,0,0,0,0
9,normal,temkinli,13226868807678749087,B,crew,port,6,6,1,1,1,3,0,0,0,0
9,normal,temkinli,16069755420943524335,A,hain,sunk,6,5,0,0,0,3,0,0,0,0
9,normal,temkinli,16069755420943524335,B,hain,sunk,5,4,0,0,0,3,0,0,0,0
9,normal,temkinli,8026093855813166649,A,crew,port,6,6,1,1,1,5,0,0,0,0
9,normal,temkinli,8026093855813166649,B,hain,sunk,5,4,0,1,1,2,0,0,0,0
9,normal,temkinli,12662000441890719201,A,hain,sunk,6,5,0,1,1,3,0,0,0,0
9,normal,temkinli,12662000441890719201,B,hain,sunk,6,5,0,1,1,3,0,0,0,0
9,normal,temkinli,10771254967357197233,A,crew,port,6,6,2,1,1,2,0,0,0,0
9,normal,temkinli,10771254967357197233,B,crew,port,6,6,2,1,1,2,0,0,0,0
9,normal,temkinli,1949355893501289036,A,crew,port,6,6,1,1,1,4,0,0,0,0
9,normal,temkinli,1949355893501289036,B,hain,sunk,6,5,0,1,1,3,0,0,0,0
9,normal,temkinli,13065233131605995066,A,hain,sunk,4,3,0,1,1,1,0,0,0,0
9,normal,temkinli,13065233131605995066,B,crew,port,5,5,2,1,1,2,0,0,0,0
9,normal,temkinli,4646674750515190722,A,hain,sunk,4,3,0,0,0,2,0,0,0,0
9,normal,temkinli,4646674750515190722,B,hain,sunk,4,3,0,0,0,2,0,0,0,0
9,normal,temkinli,3283601783709694781,A,crew,port,5,5,2,1,1,3,0,0,0,0
9,normal,temkinli,3283601783709694781,B,crew,port,5,5,2,1,1,3,0,0,0,0
9,normal,dengeli,17103078489438216433,A,crew,port,6,6,1,1,1,3,0,0,0,0
9,normal,dengeli,17103078489438216433,B,crew,port,6,6,1,1,1,2,0,0,0,0
9,normal,dengeli,10886565610843962052,A,hain,sunk,6,5,0,1,0,2,0,0,0,0
9,normal,dengeli,10886565610843962052,B,hain,sunk,6,5,0,1,0,2,0,0,0,0
9,normal,dengeli,1164880025204662438,A,crew,port,6,6,2,1,1,3,0,0,0,0
9,normal,dengeli,1164880025204662438,B,hain,sunk,2,1,0,1,0,0,0,0,0,0
9,normal,dengeli,6056943753001803506,A,hain,sunk,5,4,0,1,0,2,0,0,0,0
9,normal,dengeli,6056943753001803506,B,hain,sunk,5,4,0,1,0,2,0,0,0,0
9,normal,dengeli,4427281619447808861,A,hain,sunk,6,5,0,1,0,1,0,0,0,0
9,normal,dengeli,4427281619447808861,B,hain,sunk,3,2,0,1,0,0,0,0,0,0
9,normal,dengeli,11090555219822752279,A,hain,sunk,6,5,0,0,0,0,0,0,0,0
9,normal,dengeli,11090555219822752279,B,hain,sunk,6,5,0,0,0,0,0,0,0,0
9,normal,dengeli,17970315120043150608,A,hain,sunk,3,2,0,1,1,0,0,0,0,0
9,normal,dengeli,17970315120043150608,B,hain,sunk,3,2,0,1,1,0,0,0,0,0
9,normal,dengeli,3261116802125538703,A,hain,sunk,10,9,0,1,1,2,0,0,0,0
9,normal,dengeli,3261116802125538703,B,hain,sunk,10,9,0,1,1,2,0,0,0,0
9,normal,dengeli,6709027264791836984,A,hain,sunk,4,3,0,1,0,0,0,0,0,0
9,normal,dengeli,6709027264791836984,B,hain,sunk,4,3,0,1,0,0,0,0,0,0
9,normal,dengeli,2455825929829798486,A,crew,port,6,6,2,1,1,3,0,0,0,0
9,normal,dengeli,2455825929829798486,B,crew,port,6,6,1,1,1,3,0,0,0,0
9,normal,dengeli,11093273341850550605,A,hain,sunk,5,4,0,1,1,0,0,0,0,0
9,normal,dengeli,11093273341850550605,B,crew,port,8,8,1,1,1,4,0,0,0,0
9,normal,dengeli,3031960498278286857,A,crew,port,6,6,1,1,1,1,0,0,0,0
9,normal,dengeli,3031960498278286857,B,crew,port,6,6,1,1,1,1,0,0,0,0
9,normal,dengeli,4578537064233833181,A,hain,scurvy,5,4,2,1,0,3,0,0,0,0
9,normal,dengeli,4578537064233833181,B,hain,scurvy,6,5,1,1,0,2,0,0,0,0
9,normal,dengeli,7100689795066079416,A,crew,port,5,5,2,1,1,4,0,0,0,0
9,normal,dengeli,7100689795066079416,B,crew,port,5,5,2,1,1,3,0,0,0,0
9,normal,dengeli,11727156319193428796,A,crew,port,5,5,1,1,1,1,0,0,0,0
9,normal,dengeli,11727156319193428796,B,hain,sunk,6,5,0,1,1,3,0,0,0,0
9,normal,dengeli,11014709473192524540,A,crew,port,6,6,1,1,1,4,0,0,0,0
9,normal,dengeli,11014709473192524540,B,crew,port,6,6,2,1,1,3,0,0,0,0
9,normal,dengeli,2279672999859889485,A,crew,port,6,6,1,1,1,3,0,0,0,0
9,normal,dengeli,2279672999859889485,B,crew,port,6,6,1,1,1,3,0,0,0,0
9,normal,dengeli,15183307266941287396,A,crew,port,7,7,1,1,1,4,0,0,0,0
9,normal,dengeli,15183307266941287396,B,crew,port,7,7,1,1,1,4,0,0,0,0
9,normal,dengeli,15231948708706318572,A,crew,port,7,7,1,1,1,5,0,0,0,0
9,normal,dengeli,15231948708706318572,B,crew,port,6,6,2,1,1,2,0,0,0,0
9,normal,dengeli,14966531743713290120,A,hain,sunk,3,2,0,1,0,0,0,0,0,0
9,normal,dengeli,14966531743713290120,B,hain,sunk,3,2,0,1,0,1,0,0,0,0
9,normal,kaotik,2320336750724583149,A,hain,sunk,5,4,0,1,1,2,0,0,0,0
9,normal,kaotik,2320336750724583149,B,crew,port,6,6,1,1,1,2,0,0,0,0
9,normal,kaotik,2764896558878602168,A,crew,port,5,5,1,1,1,1,0,0,0,0
9,normal,kaotik,2764896558878602168,B,crew,port,6,6,1,1,1,4,0,0,0,0
9,normal,kaotik,6266977943887761764,A,crew,port,6,6,2,1,1,4,0,0,0,0
9,normal,kaotik,6266977943887761764,B,crew,port,6,6,2,1,1,4,0,0,0,0
9,normal,kaotik,14056744487914654987,A,crew,port,6,6,2,1,1,3,0,0,0,0
9,normal,kaotik,14056744487914654987,B,hain,sunk,4,3,0,1,0,1,0,0,0,0
9,normal,kaotik,17312205501498532663,A,crew,port,6,6,1,1,1,3,0,0,0,0
9,normal,kaotik,17312205501498532663,B,hain,sunk,6,5,0,1,1,3,0,0,0,0
9,normal,kaotik,13370597518241093306,A,hain,sunk,2,1,0,0,0,0,0,0,0,0
9,normal,kaotik,13370597518241093306,B,hain,sunk,2,1,0,0,0,0,0,0,0,0
9,normal,kaotik,7573920971628354848,A,hain,sunk,5,4,0,1,1,1,0,0,0,0
9,normal,kaotik,7573920971628354848,B,hain,sunk,6,5,0,1,1,2,0,0,0,0
9,normal,kaotik,17485415681762237057,A,hain,sunk,7,6,0,1,1,1,0,0,0,0
9,normal,kaotik,17485415681762237057,B,crew,port,5,5,1,1,1,0,0,0,0,0
9,normal,kaotik,11178359583424155612,A,crew,port,5,5,1,1,1,3,0,0,0,0
9,normal,kaotik,11178359583424155612,B,hain,sunk,6,5,0,1,1,2,0,0,0,0
9,normal,kaotik,18063185332121263811,A,hain,sunk,5,4,0,0,0,1,0,0,0,0
9,normal,kaotik,18063185332121263811,B,hain,sunk,5,4,0,0,0,1,0,0,0,0
9,normal,kaotik,8509311500299902538,A,hain,sunk,5,4,0,1,0,1,0,0,0,0
9,normal,kaotik,8509311500299902538,B,hain,sunk,5,4,0,1,0,1,0,0,0,0
9,normal,kaotik,1229465921586347023,A,hain,scurvy,4,3,2,1,0,2,0,0,0,0
9,normal,kaotik,1229465921586347023,B,hain,scurvy,5,4,1,1,0,2,0,0,0,0
9,normal,kaotik,329957918831283392,A,hain,sunk,5,4,0,1,1,3,0,0,0,0
9,normal,kaotik,329957918831283392,B,hain,sunk,5,4,0,1,1,2,0,0,0,0
9,normal,kaotik,16484896576414118315,A,crew,port,6,6,2,1,1,3,0,0,0,0
9,normal,kaotik,16484896576414118315,B,crew,port,6,6,2,1,1,3,0,0,0,0
9,normal,kaotik,11826910990861179964,A,hain,sunk,6,5,0,1,1,3,0,0,0,0
9,normal,kaotik,11826910990861179964,B,hain,sunk,6,5,0,1,1,4,0,0,0,0
9,normal,kaotik,4042393311350575851,A,hain,sunk,5,4,0,1,1,2,0,0,0,0
9,normal,kaotik,4042393311350575851,B,hain,sunk,5,4,0,1,1,2,0,0,0,0
9,normal,kaotik,15367964379111590869,A,crew,port,6,6,1,1,1,1,0,0,0,0
9,normal,kaotik,15367964379111590869,B,crew,port,6,6,1,1,1,1,0,0,0,0
9,normal,kaotik,10992372040656176307,A,hain,sunk,6,5,0,1,1,2,0,0,0,1
9,normal,kaotik,10992372040656176307,B,hain,sunk,6,5,0,1,1,2,0,0,0,1
9,normal,kaotik,15763158333211787244,A,hain,scurvy,5,4,1,1,0,0,0,0,0,0
9,normal,kaotik,15763158333211787244,B,hain,scurvy,6,5,1,1,0,2,0,0,0,0
9,normal,kaotik,17148162230399107643,A,hain,sunk,5,4,0,1,1,1,0,0,0,0
9,normal,kaotik,17148162230399107643,B,hain,sunk,5,4,0,1,1,1,0,0,0,0
9,long,temkinli,17054667781338958433,A,hain,sunk,3,2,0,1,0,0,0,0,0,0
9,long,temkinli,17054667781338958433,B,hain,sunk,3,2,0,1,0,0,0,0,0,0
9,long,temkinli,6280145574374088343,A,hain,sunk,7,6,0,1,1,1,0,0,0,0
9,long,temkinli,6280145574374088343,B,hain,sunk,7,6,0,1,1,1,0,0,0,0
9,long,temkinli,7638655397235416213,A,crew,port,7,7,1,1,1,3,0,0,0,0
9,long,temkinli,7638655397235416213,B,crew,port,8,8,1,1,1,4,0,0,0,0
9,long,temkinli,14903604221822820418,A,crew,port,7,7,2,1,1,5,0,0,0,0
9,long,temkinli,14903604221822820418,B,crew,port,7,7,2,1,1,5,0,0,0,0
9,long,temkinli,5093405180258240219,A,crew,port,7,7,1,1,1,3,0,0,0,0
9,long,temkinli,5093405180258240219,B,hain,sunk,7,6,0,1,1,4,0,0,0,0
9,long,temkinli,13134058880922502963,A,hain,sunk,8,7,0,1,1,1,0,0,0,0
9,long,temkinli,13134058880922502963,B,crew,port,7,7,1,1,1,3,0,0,0,0
9,long,temkinli,14045286173292769878,A,hain,sunk,5,4,0,1,1,2,0,0,0,0
9,long,temkinli,14045286173292769878,B,crew,port,8,8,1,1,1,2,0,0,0,0
9,long,temkinli,10712811869976940275,A,hain,sunk,5,4,0,1,1,0,0,0,0,0
9,long,temkinli,10712811869976940275,B,hain,sunk,6,5,0,1,1,0,7,0,0,0
9,long,temkinli,231011026914098305,A,crew,port,8,8,2,1,1,3,0,0,0,0
9,long,temkinli,231011026914098305,B,crew,port,7,7,2,1,1,5,0,0,0,0
9,long,temkinli,3292311229801607307,A,hain,sunk,3,2,0,1,0,1,0,0,0,0
9,long,temkinli,3292311229801607307,B,hain,sunk,6,5,0,1,0,3,0,0,0,0
9,long,temkinli,16436952202144753090,A,hain,sunk,6,5,0,1,1,3,0,0,0,0
9,long,temkinli,16436952202144753090,B,hain,sunk,6,5,0,1,1,3,0,0,0,0
9,long,temkinli,16690821158191472065,A,hain,sunk,8,7,0,1,1,2,0,0,0,0
9,long,temkinli,16690821158191472065,B,hain,sunk,2,1,0,1,0,0,0,0,0,0
9,long,temkinli,4837783835342983834,A,crew,port,7,7,1,1,1,3,0,0,0,0
9,long,temkinli,4837783835342983834,B,crew,port,7,7,1,1,1,3,0,0,0,0
9,long,temkinli,16864885478533363487,A,hain,sunk,4,3,0,1,0,1,0,0,0,0
9,long,temkinli,16864885478533363487,B,hain,sunk,3,2,0,1,0,0,0,0,0,0
9,long,temkinli,17518375388033906163,A,crew,port,7,7,2,1,1,5,0,0,0,0
9,long,temkinli,17518375388033906163,B,crew,port,7,7,1,1,1,2,0,0,0,0
9,long,temkinli,293626396032941565,A,hain,sunk,5,4,0,1,1,2,0,0,0,0
9,long,temkinli,293626396032941565,B,crew,port,6,6,1,1,1,1,0,0,0,0
9,long,temkinli,1522540111365197322,A,hain,sunk,3,2,0,1,1,0,0,0,0,0
9,long,temkinli,1522540111365197322,B,hain,sunk,3,2,0,1,1,0,0,0,0,0
9,long,temkinli,2766191526546974477,A,crew,port,7,7,1,1,1,1,7,0,0,0
9,long,temkinli,2766191526546974477,B,crew,port,7,7,2,1,1,4,0,0,0,0
9,long,temkinli,2785926246878568998,A,hain,sunk,4,3,0,1,1,1,0,0,0,0
9,long,temkinli,2785926246878568998,B,crew,port,7,7,1,1,1,4,0,0,0,0
9,long,temkinli,12648753361060327219,A,hain,scurvy,7,6,2,1,0,4,0,0,0,0
9,long,temkinli,12648753361060327219,B,hain,scurvy,8,7,2,1,0,4,0,0,0,0
9,long,dengeli,9466958883153337785,A,crew,port,7,7,2,1,1,3,0,0,0,0
9,long,dengeli,9466958883153337785,B,crew,port,7,7,2,1,1,3,0,0,0,0
9,long,dengeli,17004122662042295732,A,crew,port,7,7,2,1,1,5,0,0,0,0
9,long,dengeli,17004122662042295732,B,crew,port,8,8,1,1,1,6,0,0,0,0
9,long,dengeli,6468553913651410280,A,hain,sunk,3,2,0,1,0,0,0,0,0,0
9,long,dengeli,6468553913651410280,B,hain,sunk,3,2,0,1,0,0,0,0,0,0
9,long,dengeli,12423463056693495071,A,crew,port,7,7,1,0,0,5,0,0,0,0
9,long,dengeli,12423463056693495071,B,crew,port,7,7,1,0,0,5,0,0,0,0
9,long,dengeli,11851723522070493057,A,crew,port,6,6,1,0,0,3,0,0,0,0
9,long,dengeli,11851723522070493057,B,crew,port,7,7,2,0,0,5,0,0,0,0
9,long,dengeli,17011800891205869613,A,hain,sunk,5,4,0,1,1,1,0,0,0,0
9,long,dengeli,17011800891205869613,B,hain,sunk,5,4,0,1,1,1,0,0,0,0
9,long,dengeli,6929232292193589260,A,crew,port,7,7,2,1,1,4,0,0,0,0
9,long,dengeli,6929232292193589260,B,crew,port,7,7,2,1,1,4,0,0,0,0
9,long,dengeli,12330263528391990216,A,hain,sunk,5,4,0,1,1,2,0,0,0,0
9,long,dengeli,12330263528391990216,B,hain,sunk,6,5,0,1,1,2,0,0,0,0
9,long,dengeli,14259528858107875206,A,crew,port,6,6,2,1,1,4,0,0,0,0
9,long,dengeli,14259528858107875206,B,crew,port,6,6,2,1,1,3,0,0,0,0
9,long,dengeli,6862169579265058996,A,hain,scurvy,7,6,1,1,0,2,0,0,0,0
9,long,dengeli,6862169579265058996,B,crew,port,7,7,2,1,1,3,0,0,0,0
9,long,dengeli,8333849137220770760,A,hain,sunk,6,5,0,1,0,2,0,0,0,0
9,long,dengeli,8333849137220770760,B,hain,sunk,10,9,0,1,0,5,7,0,0,0
9,long,dengeli,17023143267256333596,A,crew,port,6,6,2,1,1,3,0,0,0,0
9,long,dengeli,17023143267256333596,B,crew,port,11,11,2,1,1,3,0,0,0,0
9,long,dengeli,6137580705075582489,A,hain,sunk,8,7,0,1,1,3,0,0,0,0
9,long,dengeli,6137580705075582489,B,hain,sunk,6,5,0,1,1,3,0,0,0,0
9,long,dengeli,15051137267844954563,A,crew,port,7,7,2,1,1,4,0,0,0,0
9,long,dengeli,15051137267844954563,B,crew,port,7,7,1,1,1,4,0,0,0,0
9,long,dengeli,15422704836789660219,A,hain,sunk,8,7,0,1,0,2,0,0,0,0
9,long,dengeli,15422704836789660219,B,hain,scurvy,7,6,1,1,0,4,0,0,0,0
9,long,dengeli,18056016572163152506,A,crew,port,6,6,2,1,1,1,0,0,0,1
9,long,dengeli,18056016572163152506,B,crew,port,6,6,2,1,1,1,0,0,0,1
9,long,dengeli,17008511504108605183,A,hain,sunk,5,4,0,1,1,3,0,0,0,0
9,long,dengeli,17008511504108605183,B,crew,port,7,7,1,1,1,2,0,0,0,0
9,long,dengeli,9380377821474771883,A,crew,port,7,7,1,1,1,2,0,0,0,0
9,long,dengeli,9380377821474771883,B,hain,sunk,5,4,0,1,1,1,0,0,0,0
9,long,dengeli,1091015868310099891,A,crew,port,6,6,2,0,0,3,0,0,0,0
9,long,dengeli,1091015868310099891,B,crew,port,7,7,2,0,0,3,0,0,0,0
9,long,dengeli,11418876893440930992,A,crew,port,6,6,2,1,1,2,0,0,0,0
9,long,dengeli,11418876893440930992,B,crew,port,6,6,2,1,1,2,0,0,0,0
9,long,kaotik,6410825332963758989,A,hain,sunk,8,7,0,1,1,3,0,0,0,0
9,long,kaotik,6410825332963758989,B,hain,sunk,10,9,0,1,1,4,0,0,0,0
9,long,kaotik,12867258806453164363,A,crew,port,8,8,1,1,1,6,0,0,0,0
9,long,kaotik,12867258806453164363,B,crew,port,8,8,1,1,1,6,0,0,0,0
9,long,kaotik,15280212501185792091,A,crew,port,7,7,1,1,1,5,0,0,0,0
9,long,kaotik,15280212501185792091,B,hain,sunk,7,6,0,1,1,2,0,0,0,0
9,long,kaotik,2646847294194002981,A,crew,port,8,8,2,1,1,4,0,0,0,0
9,long,kaotik,2646847294194002981,B,crew,port,8,8,2,1,1,4,0,0,0,0
9,long,kaotik,3919711649270258508,A,hain,sunk,4,3,0,1,1,2,0,0,0,0
9,long,kaotik,3919711649270258508,B,hain,sunk,4,3,0,1,1,2,0,0,0,0
9,long,kaotik,8233271853883912802,A,crew,port,8,8,2,1,1,4,7,0,0,0
9,long,kaotik,8233271853883912802,B,crew,port,8,8,1,1,1,3,0,0,0,0
9,long,kaotik,6749829232752194517,A,crew,port,6,6,1,1,1,4,0,0,0,0
9,long,kaotik,6749829232752194517,B,hain,sunk,5,4,0,1,1,2,0,0,0,0
9,long,kaotik,9285429592883006562,A,crew,port,6,6,2,1,1,2,0,0,0,0
9,long,kaotik,9285429592883006562,B,crew,port,7,7,1,1,1,3,0,0,0,0
9,long,kaotik,4517183981174501079,A,hain,sunk,8,7,0,1,1,4,0,0,0,0
9,long,kaotik,4517183981174501079,B,crew,port,8,8,1,1,1,6,0,0,0,0
9,long,kaotik,8789039192340391139,A,crew,port,7,7,1,1,1,3,0,0,0,0
9,long,kaotik,8789039192340391139,B,crew,port,7,7,1,1,1,3,0,0,0,0
9,long,kaotik,2261862998229621076,A,hain,sunk,6,5,0,1,1,1,0,0,0,0
9,long,kaotik,2261862998229621076,B,hain,sunk,5,4,0,1,1,1,0,0,0,0
9,long,kaotik,18087336178058107752,A,crew,port,7,7,1,1,1,2,0,0,0,0
9,long,kaotik,18087336178058107752,B,crew,port,12,12,2,1,1,6,0,0,0,0
9,long,kaotik,16293457241275801805,A,hain,scurvy,7,6,2,1,0,2,0,0,0,0
9,long,kaotik,16293457241275801805,B,hain,scurvy,7,6,2,1,0,2,0,0,0,0
9,long,kaotik,7244241836419588570,A,crew,port,6,6,1,1,1,3,0,0,0,0
9,long,kaotik,7244241836419588570,B,crew,port,6,6,1,1,1,3,0,0,0,0
9,long,kaotik,3904320186917014173,A,crew,port,7,7,1,1,1,2,0,0,0,0
9,long,kaotik,3904320186917014173,B,hain,sunk,6,5,0,1,1,2,0,0,0,0
9,long,kaotik,6791497490339107067,A,crew,port,8,8,1,1,1,3,0,0,0,0
9,long,kaotik,6791497490339107067,B,crew,port,10,10,2,1,1,5,0,0,0,0
9,long,kaotik,476208761722604247,A,crew,port,7,7,2,1,1,3,0,0,0,0
9,long,kaotik,476208761722604247,B,crew,port,7,7,1,1,1,2,0,0,0,0
9,long,kaotik,18318951324646416605,A,crew,port,8,8,2,0,0,5,7,0,0,0
9,long,kaotik,18318951324646416605,B,crew,port,7,7,2,0,0,4,7,0,0,0
9,long,kaotik,11041328267349834512,A,hain,sunk,6,5,0,1,1,2,0,0,0,0
9,long,kaotik,11041328267349834512,B,hain,sunk,7,6,0,1,1,1,0,0,0,0
9,long,kaotik,4702570986122585001,A,hain,crew_extinct,8,8,2,0,0,6,3,0,0,0
9,long,kaotik,4702570986122585001,B,crew,port,7,7,2,0,0,3,7,0,0,0
10,short,temkinli,16919163563987477027,A,crew,port,5,5,1,1,1,3,0,0,0,0
10,short,temkinli,16919163563987477027,B,crew,port,5,5,1,1,1,3,0,0,0,0
10,short,temkinli,10178809077586369688,A,hain,sunk,5,4,0,1,1,3,0,0,0,0
10,short,temkinli,10178809077586369688,B,crew,port,6,6,1,1,1,1,0,0,0,0
10,short,temkinli,9079262969440392441,A,hain,sunk,4,3,0,1,0,0,0,0,0,0
10,short,temkinli,9079262969440392441,B,hain,sunk,4,3,0,1,0,0,0,0,0,0
10,short,temkinli,9119908950618421670,A,crew,port,5,5,2,1,1,1,0,0,0,0
10,short,temkinli,9119908950618421670,B,crew,port,5,5,2,1,1,1,0,0,0,0
10,short,temkinli,1210870457197041920,A,hain,sunk,5,4,0,1,1,1,0,0,0,0
10,short,temkinli,1210870457197041920,B,hain,sunk,5,4,0,1,1,2,0,0,0,0
10,short,temkinli,9568077309201837251,A,hain,sunk,3,2,0,1,0,0,0,0,0,0
10,short,temkinli,9568077309201837251,B,hain,sunk,3,2,0,1,0,0,0,0,0,0
10,short,temkinli,487400592567066050,A,crew,port,5,5,2,1,1,0,0,0,0,0
10,short,temkinli,487400592567066050,B,crew,port,4,4,1,1,1,1,0,0,0,0
10,short,temkinli,224699823249924351,A,crew,port,4,4,2,1,1,2,0,0,0,0
10,short,temkinli,224699823249924351,B,crew,port,4,4,2,1,1,2,0,0,0,0
10,short,temkinli,10542618435140451227,A,hain,sunk,4,3,0,1,1,2,0,0,0,0
10,short,temkinli,10542618435140451227,B,hain,sunk,4,3,0,1,1,2,0,0,0,0
10,short,temkinli,10576714042405374945,A,crew,port,5,5,2,1,1,3,0,0,0,0
10,short,temkinli,10576714042405374945,B,crew,port,5,5,2,1,1,3,0,0,0,0
10,short,temkinli,17435120200820614927,A,hain,sunk,4,3,0,1,1,1,0,0,0,0
10,short,temkinli,17435120200820614927,B,hain,sunk,5,4,0,1,1,2,0,0,0,0
10,short,temkinli,4364684938725434003,A,crew,port,6,6,1,1,1,3,0,0,0,0
10,short,temkinli,4364684938725434003,B,hain,sunk,3,2,0,1,0,1,0,0,0,0
10,short,temkinli,3173218513393541776,A,hain,sunk,6,5,0,1,0,2,0,0,0,0
10,short,temkinli,3173218513393541776,B,hain,sunk,5,4,0,1,0,0,0,0,0,0
10,short,temkinli,10334100780002304213,A,crew,port,5,5,1,1,1,3,0,0,0,0
10,short,temkinli,10334100780002304213,B,crew,port,5,5,1,1,1,3,0,0,0,0
10,short,temkinli,8514089433427106304,A,crew,port,5,5,1,1,1,4,0,0,0,0
10,short,temkinli,8514089433427106304,B,crew,port,5,5,2,1,1,1,0,0,0,0
10,short,temkinli,10782807651139750592,A,hain,sunk,4,3,0,1,1,1,0,0,0,0
10,short,temkinli,10782807651139750592,B,crew,port,5,5,1,1,1,1,0,0,0,0
10,short,temkinli,5599527685338951795,A,crew,port,5,5,2,1,1,3,0,0,0,0
10,short,temkinli,5599527685338951795,B,crew,port,5,5,2,1,1,4,0,0,0,0
10,short,temkinli,9787439404632476197,A,hain,sunk,3,2,0,1,1,0,0,0,0,0
10,short,temkinli,9787439404632476197,B,hain,sunk,3,2,0,1,1,0,0,0,0,0
10,short,temkinli,17492356900621633932,A,crew,port,6,6,1,1,1,4,0,0,0,0
10,short,temkinli,17492356900621633932,B,crew,port,5,5,1,1,1,3,0,0,0,0
10,short,temkinli,6346209621279535180,A,hain,scurvy,5,4,2,1,0,2,0,0,0,0
10,short,temkinli,6346209621279535180,B,crew,port,5,5,2,1,1,2,0,0,0,0
10,short,dengeli,8942439430664017028,A,crew,port,5,5,1,1,1,4,0,0,0,0
10,short,dengeli,8942439430664017028,B,crew,port,5,5,2,1,1,1,0,0,0,0
10,short,dengeli,5560607434158535866,A,crew,port,5,5,2,1,1,3,0,0,0,0
10,short,dengeli,5560607434158535866,B,crew,port,5,5,2,1,1,3,0,0,0,0
10,short,dengeli,14044771637146675123,A,crew,port,5,5,1,1,1,1,0,0,0,0
10,short,dengeli,14044771637146675123,B,hain,sunk,4,3,0,1,0,1,0,0,0,0
10,short,dengeli,15678333595047269304,A,crew,port,5,5,1,1,1,3,0,0,0,0
10,short,dengeli,15678333595047269304,B,crew,port,5,5,1,1,1,3,0,0,0,0
10,short,dengeli,17105744396721121358,A,hain,sunk,5,4,0,0,0,2,0,0,0,0
10,short,dengeli,17105744396721121358,B,crew,port,5,5,2,0,0,4,0,0,0,0
10,short,dengeli,4084152191691621789,A,crew,port,5,5,2,1,1,1,0,0,0,0
10,short,dengeli,4084152191691621789,B,crew,port,5,5,2,1,1,1,0,0,0,0
10,short,dengeli,11114515720117868315,A,crew,port,5,5,2,1,1,2,0,0,0,0
10,short,dengeli,11114515720117868315,B,crew,port,5,5,1,1,1,2,0,0,0,0
10,short,dengeli,14026723028701935824,A,hain,sunk,4,3,0,1,1,1,0,0,0,0
10,short,dengeli,14026723028701935824,B,hain,sunk,4,3,0,1,1,1,0,0,0,0
10,short,dengeli,6658161481250303783,A,crew,port,5,5,2,1,1,2,0,0,0,0
10,short,dengeli,6658161481250303783,B,crew,port,8,8,1,1,1,4,0,0,0,0
10,short,dengeli,14794655669068523218,A,crew,port,5,5,2,1,1,2,0,0,0,0
10,short,dengeli,14794655669068523218,B,crew,port,5,5,2,1,1,2,0,0,0,0
10,short,dengeli,9290094894975685271,A,hain,sunk,3,2,0,1,0,0,0,0,0,0
10,short,dengeli,9290094894975685271,B,hain,sunk,3,2,0,1,0,0,0,0,0,0
10,short,dengeli,15096015134069794368,A,crew,port,5,5,2,1,1,2,0,0,0,0
10,short,dengeli,15096015134069794368,B,crew,port,5,5,2,1,1,2,0,0,0,0
10,short,dengeli,3434282059721305923,A,crew,port,5,5,1,1,1,2,0,0,0,0
10,short,dengeli,3434282059721305923,B,crew,port,5,5,1,1,1,2,0,0,0,0
10,short,dengeli,11669310870064440642,A,hain,sunk,10,9,0,0,0,4,0,0,0,0
10,short,dengeli,11669310870064440642,B,crew,port,8,8,1,0,0,3,0,0,0,0
10,short,dengeli,10392083938516609066,A,hain,sunk,4,3,0,0,0,1,0,0,0,0
10,short,dengeli,10392083938516609066,B,hain,sunk,4,3,0,0,0,0,0,0,0,0
10,short,dengeli,1218166617473199461,A,crew,port,5,5,1,1,1,3,0,0,0,0
10,short,dengeli,1218166617473199461,B,crew,port,5,5,1,1,1,3,0,0,0,0
10,short,dengeli,16741757684861091757,A,crew,port,5,5,1,1,1,3,0,0,0,0
10,short,dengeli,16741757684861091757,B,hain,sunk,3,2,0,1,1,0,0,0,0,0
10,short,dengeli,10858888902420303070,A,hain,sunk,4,3,0,1,1,1,0,0,0,0
10,short,dengeli,10858888902420303070,B,hain,sunk,6,5,0,1,1,3,0,0,0,0
10,short,dengeli,12077167252263214288,A,hain,scurvy,5,4,1,1,0,2,0,0,0,0
10,short,dengeli,12077167252263214288,B,hain,sunk,3,2,0,1,0,1,0,0,0,0
10,short,dengeli,17564204250074490322,A,hain,sunk,4,3,0,1,0,0,0,0,0,0
10,short,dengeli,17564204250074490322,B,hain,sunk,4,3,0,1,0,0,0,0,0,0
10,short,kaotik,2152755241417635320,A,hain,scurvy,5,4,1,1,0,2,0,0,0,0
10,short,kaotik,2152755241417635320,B,hain,scurvy,6,5,1,1,0,0,0,0,0,0
10,short,kaotik,9197447824927865465,A,crew,port,4,4,2,1,1,1,0,0,0,0
10,short,kaotik,9197447824927865465,B,hain,scurvy,6,5,2,1,0,2,0,0,0,0
10,short,kaotik,16710649902999562916,A,hain,sunk,4,3,0,1,1,0,0,0,0,0
10,short,kaotik,16710649902999562916,B,hain,sunk,4,3,0,1,1,0,0,0,0,0
10,short,kaotik,16138279437589540074,A,crew,port,5,5,1,1,1,1,0,0,0,0
10,short,kaotik,16138279437589540074,B,crew,port,5,5,1,1,1,1,0,0,0,0
10,short,kaotik,11126903105989932905,A,crew,port,4,4,2,1,1,0,0,0,0,0
10,short,kaotik,11126903105989932905,B,crew,port,4,4,2,1,1,0,0,0,0,0
10,short,kaotik,9706663968911345899,A,crew,port,6,6,1,1,1,3,0,0,0,0
10,short,kaotik,9706663968911345899,B,crew,port,5,5,2,1,1,3,0,0,0,0
10,short,kaotik,7925408127638894794,A,crew,port,5,5,2,1,1,2,0,0,0,0
10,short,kaotik,7925408127638894794,B,crew,port,5,5,2,1,1,2,0,0,0,0
10,short,kaotik,1299262953224493412,A,hain,sunk,6,5,0,0,0,2,0,0,0,0
10,short,kaotik,1299262953224493412,B,hain,sunk,5,4,0,0,0,2,0,0,0,0
10,short,kaotik,16505226436269911026,A,hain,scurvy,5,4,1,1,0,2,0,0,0,0
10,short,kaotik,16505226436269911026,B,hain,scurvy,5,4,1,1,0,3,0,0,0,0
10,short,kaotik,13597495109461545251,A,crew,port,6,6,1,0,0,2,0,0,0,0
10,short,kaotik,13597495109461545251,B,crew,port,6,6,1,0,0,2,0,0,0,0
10,short,kaotik,2547092644487182401,A,hain,sunk,5,4,0,1,0,1,0,0,0,0
10,short,kaotik,2547092644487182401,B,hain,sunk,4,3,0,1,0,1,0,0,0,0
10,short,kaotik,6790019560731634298,A,hain,scurvy,5,4,2,1,0,1,0,0,0,0
10,short,kaotik,6790019560731634298,B,hain,scurvy,5,4,2,1,0,1,0,0,0,0
10,short,kaotik,5072386685616234781,A,hain,sunk,4,3,0,1,0,2,0,0,0,0
10,short,kaotik,5072386685616234781,B,hain,sunk,4,3,0,1,0,2,0,0,0,0
10,short,kaotik,12552601167489173066,A,crew,port,5,5,1,1,1,2,0,0,0,0
10,short,kaotik,12552601167489173066,B,crew,port,5,5,1,1,1,2,0,0,0,0
10,short,kaotik,9466921307459084848,A,crew,port,5,5,2,1,1,3,0,0,0,0
10,short,kaotik,9466921307459084848,B,crew,port,5,5,2,1,1,3,0,0,0,0
10,short,kaotik,9364547863546355052,A,hain,sunk,3,2,0,1,0,1,0,0,0,0
10,short,kaotik,9364547863546355052,B,hain,sunk,3,2,0,1,0,1,0,0,0,0
10,short,kaotik,13401896807136237472,A,hain,sunk,2,1,0,1,1,0,0,0,0,0
10,short,kaotik,13401896807136237472,B,crew,port,5,5,1,1,1,1,0,0,0,0
10,short,kaotik,1273845822519076617,A,hain,sunk,3,2,0,1,0,0,0,0,0,0
10,short,kaotik,1273845822519076617,B,hain,sunk,3,2,0,1,0,0,0,0,0,0
10,short,kaotik,10676423759650578544,A,hain,sunk,4,3,0,1,1,2,0,0,0,0
10,short,kaotik,10676423759650578544,B,hain,sunk,4,3,0,1,1,2,0,0,0,0
10,short,kaotik,4766562657333699304,A,hain,scurvy,5,4,2,1,0,2,0,0,0,0
10,short,kaotik,4766562657333699304,B,crew,port,5,5,2,1,1,3,0,0,0,0
10,normal,temkinli,13516757601777072305,A,hain,sunk,6,5,0,0,0,2,0,0,0,0
10,normal,temkinli,13516757601777072305,B,hain,sunk,4,3,0,0,0,1,0,0,0,0
10,normal,temkinli,9547013811257025742,A,crew,port,5,5,2,1,1,3,0,0,0,0
10,normal,temkinli,9547013811257025742,B,crew,port,6,6,2,1,1,3,0,0,0,0
10,normal,temkinli,3449959586081467629,A,crew,port,7,7,1,1,1,2,0,0,0,0
10,normal,temkinli,3449959586081467629,B,crew,port,7,7,1,1,1,3,0,0,0,0
10,normal,temkinli,4022946713739600570,A,hain,sunk,5,4,0,1,1,0,0,0,0,0
10,normal,temkinli,4022946713739600570,B,hain,sunk,5,4,0,1,1,0,0,0,0,0
10,normal,temkinli,11816050593242669419,A,crew,port,6,6,1,1,1,4,0,0,0,0
10,normal,temkinli,11816050593242669419,B,crew,port,6,6,1,1,1,4,0,0,0,0
10,normal,temkinli,1468870141813366721,A,crew,port,6,6,1,1,1,2,0,0,0,0
10,normal,temkinli,1468870141813366721,B,crew,port,6,6,1,1,1,3,0,0,0,0
10,normal,temkinli,6935772463836980114,A,crew,port,7,7,2,1,1,2,0,0,0,0
10,normal,temkinli,6935772463836980114,B,crew,port,7,7,2,1,1,2,0,0,0,0
10,normal,temkinli,17024672334172810261,A,crew,port,6,6,2,1,1,3,0,0,0,0
10,normal,temkinli,17024672334172810261,B,crew,port,5,5,2,1,1,1,0,0,0,0
10,normal,temkinli,3178250354384691697,A,crew,port,6,6,1,1,1,4,0,0,0,0
10,normal,temkinli,3178250354384691697,B,crew,port,6,6,1,1,1,2,0,0,0,0
10,normal,temkinli,12474752769949178853,A,crew,port,5,5,1,1,1,1,0,0,0,0
10,normal,temkinli,12474752769949178853,B,hain,sunk,4,3,0,1,1,2,0,0,0,0
10,normal,temkinli,1813903160238538847,A,hain,sunk,3,2,0,1,0,0,0,0,0,0
10,normal,temkinli,1813903160238538847,B,hain,sunk,3,2,0,1,0,0,0,0,0,0
10,normal,temkinli,14387765356054365238,A,crew,port,6,6,1,1,1,2,0,0,0,0
10,normal,temkinli,14387765356054365238,B,crew,port,6,6,1,1,1,2,0,0,0,0
10,normal,temkinli,3604437173018372730,A,crew,port,6,6,2,1,1,3,0,0,0,0
10,normal,temkinli,3604437173018372730,B,crew,port,7,7,1,1,1,4,0,0,0,0
10,normal,temkinli,6910937501966784004,A,crew,port,6,6,1,1,1,2,0,0,0,0
10,normal,temkinli,6910937501966784004,B,crew,port,5,5,2,1,1,3,0,0,0,0
10,normal,temkinli,12286088007367379876,A,crew,port,7,7,1,1,1,4,0,0,0,0
10,normal,temkinli,12286088007367379876,B,crew,port,7,7,2,1,1,3,0,0,0,0
10,normal,temkinli,8382009480287960456,A,hain,sunk,4,3,0,1,1,0,0,0,0,0
10,normal,temkinli,8382009480287960456,B,crew,port,5,5,1,1,1,1,0,0,0,0
10,normal,temkinli,3576490720806418696,A,crew,port,6,6,1,1,1,1,0,0,0,0
10,normal,temkinli,3576490720806418696,B,crew,port,7,7,2,1,1,3,0,0,0,0
10,normal,temkinli,16171677409725833200,A,crew,port,6,6,1,1,1,3,0,0,0,0
10,normal,temkinli,16171677409725833200,B,hain,sunk,4,3,0,1,1,0,0,0,0,0
10,normal,temkinli,10116863246224146556,A,hain,sunk,5,4,0,1,1,2,0,0,0,0
10,normal,temkinli,10116863246224146556,B,hain,sunk,5,4,0,1,1,2,0,0,0,0
10,normal,temkinli,8267300279119112178,A,crew,port,6,6,1,1,1,3,7,0,0,0
10,normal,temkinli,8267300279119112178,B,crew,port,6,6,1,1,1,3,7,0,0,0
10,normal,dengeli,2394118627804162775,A,crew,port,6,6,1,1,1,2,0,0,0,0
10,normal,dengeli,2394118627804162775,B,hain,scurvy,7,6,2,1,0,3,0,0,0,0
10,normal,dengeli,12070490032202608803,A,crew,port,6,6,2,1,1,2,0,0,0,0
10,normal,dengeli,12070490032202608803,B,crew,port,6,6,2,1,1,2,0,0,0,0
10,normal,dengeli,15900618052067814695,A,hain,sunk,4,3,0,1,0,2,0,0,0,0
10,normal,dengeli,15900618052067814695,B,hain,sunk,3,2,0,1,0,1,0,0,0,0
10,normal,dengeli,10717943354563429827,A,hain,sunk,4,3,0,1,0,0,0,0,0,0
10,normal,dengeli,10717943354563429827,B,hain,sunk,4,3,0,1,0,0,0,0,0,0
10,normal,dengeli,6656748505607458819,A,hain,sunk,7,6,0,0,0,3,0,0,0,0
10,normal,dengeli,6656748505607458819,B,hain,sunk,6,5,0,0,0,3,0,0,0,0
10,normal,dengeli,317548154268982608,A,hain,sunk,4,3,0,0,0,2,0,0,0,0
10,normal,dengeli,317548154268982608,B,hain,sunk,4,3,0,0,0,1,0,0,0,0
10,normal,dengeli,12083132906983482993,A,crew,port,5,5,1,1,1,2,0,0,0,0
10,normal,dengeli,12083132906983482993,B,crew,port,5,5,1,1,1,2,0,0,0,0
10,normal,dengeli,2261157632260812188,A,crew,port,5,5,2,1,1,1,0,0,0,0
10,normal,dengeli,2261157632260812188,B,crew,port,5,5,2,1,1,1,0,0,0,0
10,normal,dengeli,3321060606840819740,A,hain,sunk,5,4,0,1,0,2,0,0,0,0
10,normal,dengeli,3321060606840819740,B,hain,sunk,5,4,0,1,0,2,0,0,0,0
10,normal,dengeli,15031012386572949833,A,hain,sunk,5,4,0,1,1,1,0,0,0,0
10,normal,dengeli,15031012386572949833,B,hain,sunk,5,4,0,1,1,1,0,0,0,0
10,normal,dengeli,10857790219368445401,A,crew,port,5,5,1,1,1,1,0,0,0,0
10,normal,dengeli,10857790219368445401,B,crew,port,6,6,2,1,1,2,0,0,0,0
10,normal,dengeli,15082049385265943662,A,crew,port,6,6,2,1,1,4,0,0,0,0
10,normal,dengeli,15082049385265943662,B,hain,sunk,6,5,0,1,1,3,0,0,0,0
10,normal,dengeli,9204142582909827364,A,crew,port,6,6,1,1,1,2,0,0,0,0
10,normal,dengeli,9204142582909827364,B,crew,port,6,6,1,1,1,2,0,0,0,0
10,normal,dengeli,13270577815012782862,A,hain,sunk,4,3,0,1,1,1,0,0,0,0
10,normal,dengeli,13270577815012782862,B,hain,sunk,5,4,0,1,1,1,0,0,0,0
10,normal,dengeli,12924128890400383194,A,crew,port,6,6,2,1,1,2,0,0,0,0
10,normal,dengeli,12924128890400383194,B,crew,port,6,6,2,1,1,1,0,0,0,0
10,normal,dengeli,17545145379509045838,A,hain,scurvy,6,5,1,1,0,2,0,0,0,0
10,normal,dengeli,17545145379509045838,B,hain,scurvy,6,5,1,1,0,2,0,0,0,0
10,normal,dengeli,14320746840970352401,A,crew,port,6,6,2,1,1,4,0,0,0,0
10,normal,dengeli,14320746840970352401,B,crew,port,5,5,2,1,1,4,0,0,0,0
10,normal,dengeli,5750271064547109494,A,crew,port,6,6,1,1,1,4,0,0,0,0
10,normal,dengeli,5750271064547109494,B,crew,port,6,6,1,1,1,3,0,0,0,0
10,normal,dengeli,7014846043091644839,A,hain,sunk,3,2,0,1,0,1,0,0,0,0
10,normal,dengeli,7014846043091644839,B,hain,sunk,3,2,0,1,0,1,0,0,0,0
10,normal,dengeli,8843824188118946380,A,crew,port,7,7,1,1,1,4,0,0,0,0
10,normal,dengeli,8843824188118946380,B,crew,port,7,7,1,1,1,4,0,0,0,0
10,normal,kaotik,16001639916044142828,A,crew,port,7,7,1,1,1,3,0,0,0,0
10,normal,kaotik,16001639916044142828,B,crew,port,7,7,1,1,1,3,0,0,0,0
10,normal,kaotik,2760577789914611294,A,hain,sunk,5,4,0,1,0,1,0,0,0,0
10,normal,kaotik,2760577789914611294,B,crew,port,7,7,2,1,1,4,0,0,0,0
10,normal,kaotik,2933616970164180784,A,crew,port,5,5,1,1,1,2,0,0,0,0
10,normal,kaotik,2933616970164180784,B,crew,port,5,5,1,1,1,2,0,0,0,0
10,normal,kaotik,5409089866307929472,A,crew,port,6,6,1,1,1,3,0,0,0,0
10,normal,kaotik,5409089866307929472,B,crew,port,6,6,1,1,1,3,0,0,0,0
10,normal,kaotik,9562726981542075908,A,hain,scurvy,6,5,1,1,0,0,0,0,0,0
10,normal,kaotik,9562726981542075908,B,hain,scurvy,6,5,1,1,0,0,0,0,0,0
10,normal,kaotik,9325537730458285181,A,crew,port,6,6,1,1,1,2,0,0,0,0
10,normal,kaotik,9325537730458285181,B,hain,sunk,5,4,0,1,0,2,0,0,0,0
10,normal,kaotik,17904279251400111106,A,crew,port,6,6,1,1,1,5,0,0,0,0
10,normal,kaotik,17904279251400111106,B,hain,sunk,6,5,0,1,1,4,0,0,0,0
10,normal,kaotik,496045196427676013,A,hain,sunk,5,4,0,1,1,1,0,0,0,0
10,normal,kaotik,496045196427676013,B,hain,sunk,5,4,0,1,1,0,0,0,0,0
10,normal,kaotik,16512127498466018617,A,hain,sunk,6,5,0,1,0,2,0,0,0,0
10,normal,kaotik,16512127498466018617,B,hain,sunk,6,5,0,1,0,2,0,0,0,0
10,normal,kaotik,8683604017672813291,A,crew,port,6,6,2,1,1,3,0,0,0,0
10,normal,kaotik,8683604017672813291,B,hain,sunk,4,3,0,1,1,1,0,0,0,0
10,normal,kaotik,5136310848652563780,A,hain,scurvy,5,4,2,1,0,2,0,0,0,0
10,normal,kaotik,5136310848652563780,B,hain,scurvy,5,4,2,1,0,2,0,0,0,0
10,normal,kaotik,3327810761732777888,A,crew,port,6,6,2,1,1,2,0,0,0,0
10,normal,kaotik,3327810761732777888,B,hain,scurvy,7,6,2,1,0,4,0,0,0,0
10,normal,kaotik,12279585512241517515,A,hain,sunk,6,5,0,0,0,2,0,0,0,0
10,normal,kaotik,12279585512241517515,B,hain,sunk,5,4,0,0,0,2,0,0,0,0
10,normal,kaotik,7211046862342554235,A,hain,sunk,6,5,0,0,0,2,0,0,0,0
10,normal,kaotik,7211046862342554235,B,hain,sunk,6,5,0,0,0,2,0,0,0,0
10,normal,kaotik,16668542962557438349,A,hain,sunk,8,7,0,1,1,6,0,0,0,0
10,normal,kaotik,16668542962557438349,B,hain,sunk,8,7,0,1,1,6,0,0,0,0
10,normal,kaotik,12982638046281688785,A,crew,port,12,12,1,1,1,2,0,0,0,0
10,normal,kaotik,12982638046281688785,B,crew,port,12,12,1,1,1,2,0,0,0,0
10,normal,kaotik,11266073125577084448,A,crew,port,5,5,2,0,0,2,0,0,0,0
10,normal,kaotik,11266073125577084448,B,crew,port,5,5,2,0,0,3,0,0,0,0
10,normal,kaotik,3584540953602909892,A,crew,port,7,7,2,1,1,4,0,0,0,0
10,normal,kaotik,3584540953602909892,B,crew,port,7,7,1,1,1,4,0,0,0,0
10,normal,kaotik,15102318549913238289,A,hain,sunk,3,2,0,1,0,0,0,0,0,0
10,normal,kaotik,15102318549913238289,B,crew,port,6,6,1,1,1,1,0,0,0,0
10,normal,kaotik,383491454680672934,A,crew,port,6,6,2,1,1,4,0,0,0,0
10,normal,kaotik,383491454680672934,B,hain,sunk,5,4,0,1,1,2,0,0,0,0
10,long,temkinli,3598860468943298373,A,crew,port,7,7,1,1,1,1,0,0,0,0
10,long,temkinli,3598860468943298373,B,hain,sunk,4,3,0,1,1,1,0,0,0,0
10,long,temkinli,15222283966164048345,A,crew,port,7,7,2,1,1,3,0,0,0,0
10,long,temkinli,15222283966164048345,B,crew,port,8,8,2,1,1,6,0,0,0,0
10,long,temkinli,1638833678014042814,A,crew,port,7,7,1,1,1,2,0,0,0,0
10,long,temkinli,1638833678014042814,B,hain,sunk,4,3,0,1,1,1,0,0,0,0
10,long,temkinli,1538161214024019209,A,crew,port,7,7,2,1,1,2,0,0,0,0
10,long,temkinli,1538161214024019209,B,crew,port,6,6,2,1,1,2,0,0,0,0
10,long,temkinli,2233464748347078064,A,crew,port,7,7,1,1,1,2,0,0,0,0
10,long,temkinli,2233464748347078064,B,crew,port,6,6,1,1,1,4,0,0,0,0
10,long,temkinli,6974049238456796092,A,crew,port,7,7,2,1,1,4,0,0,0,0
10,long,temkinli,6974049238456796092,B,crew,port,7,7,1,1,1,4,0,0,0,0
10,long,temkinli,1636639961949824788,A,crew,port,6,6,1,1,1,5,0,0,0,0
10,long,temkinli,1636639961949824788,B,crew,port,6,6,2,1,1,3,0,0,0,0
10,long,temkinli,12338571015094441508,A,crew,port,6,6,2,1,1,2,0,0,0,0
10,long,temkinli,12338571015094441508,B,crew,port,7,7,1,1,1,2,0,0,0,0
10,long,temkinli,12080935625388931508,A,crew,port,7,7,2,1,1,2,0,0,0,0
10,long,temkinli,12080935625388931508,B,crew,port,7,7,2,1,1,2,0,0,0,0
10,long,temkinli,13699796809225373880,A,crew,port,7,7,1,1,1,4,0,0,0,0
10,long,temkinli,13699796809225373880,B,crew,port,7,7,1,1,1,4,0,0,0,0
10,long,temkinli,17591403704694895777,A,crew,port,7,7,2,1,1,2,0,0,0,0
10,long,temkinli,17591403704694895777,B,hain,sunk,3,2,0,1,0,0,0,0,0,0
10,long,temkinli,7829176184129735072,A,hain,sunk,9,8,0,1,1,3,0,0,0,0
10,long,temkinli,7829176184129735072,B,crew,port,6,6,1,1,1,4,0,0,0,0
10,long,temkinli,14911464265593043896,A,crew,port,9,9,1,1,1,1,0,0,0,0
10,long,temkinli,14911464265593043896,B,crew,port,8,8,1,1,1,2,0,0,0,0
10,long,temkinli,6340544594565621155,A,crew,port,6,6,1,1,1,2,0,0,0,0
10,long,temkinli,6340544594565621155,B,crew,port,6,6,1,1,1,2,0,0,0,0
10,long,temkinli,10774316232180166972,A,crew,port,7,7,1,1,1,3,0,0,0,0
10,long,temkinli,10774316232180166972,B,crew,port,7,7,2,1,1,2,0,0,0,0
10,long,temkinli,14354613236916057686,A,crew,port,7,7,2,1,1,5,0,0,0,0
10,long,temkinli,14354613236916057686,B,crew,port,7,7,2,1,1,2,0,0,0,0
10,long,temkinli,10951928175468848615,A,hain,sunk,4,3,0,0,0,2,0,0,0,0
10,long,temkinli,10951928175468848615,B,hain,sunk,5,4,0,0,0,0,0,0,0,0
10,long,temkinli,2703416231005222414,A,crew,port,7,7,2,1,1,4,0,0,0,0
10,long,temkinli,2703416231005222414,B,hain,sunk,6,5,0,1,0,4,0,0,0,0
10,long,temkinli,3022095258708543340,A,hain,scurvy,6,5,2,1,0,2,0,0,0,0
10,long,temkinli,3022095258708543340,B,hain,scurvy,6,5,2,1,0,2,0,0,0,0
10,long,temkinli,250740823067977,A,crew,port,8,8,2,1,1,6,0,0,0,0
10,long,temkinli,250740823067977,B,crew,port,8,8,2,1,1,6,0,0,0,0
10,long,dengeli,7159432770465049566,A,crew,port,6,6,2,1,1,3,0,0,0,0
10,long,dengeli,7159432770465049566,B,crew,port,6,6,2,1,1,3,0,0,0,0
10,long,dengeli,13450594067959756674,A,crew,port,7,7,2,1,1,2,0,0,0,0
10,long,dengeli,13450594067959756674,B,crew,port,7,7,2,1,1,4,0,0,0,0
10,long,dengeli,8325155765471756292,A,crew,port,7,7,1,1,1,1,0,0,0,0
10,long,dengeli,8325155765471756292,B,crew,port,7,7,1,1,1,2,0,0,0,0
10,long,dengeli,16461248069896961623,A,crew,port,6,6,1,1,1,2,0,0,0,0
10,long,dengeli,16461248069896961623,B,hain,sunk,7,6,0,1,1,2,0,0,0,0
10,long,dengeli,12924943406302884578,A,hain,scurvy,6,5,2,1,0,3,0,0,0,0
10,long,dengeli,12924943406302884578,B,hain,scurvy,8,7,1,1,0,4,0,0,0,0
10,long,dengeli,10994093535391901493,A,hain,sunk,5,4,0,1,0,2,0,0,0,0
10,long,dengeli,10994093535391901493,B,hain,sunk,5,4,0,1,0,2,0,0,0,0
10,long,dengeli,14661255915677983435,A,crew,port,7,7,1,1,1,3,0,0,0,0
10,long,dengeli,14661255915677983435,B,crew,port,7,7,1,1,1,3,0,0,0,0
10,long,dengeli,10637666763649161054,A,crew,port,5,5,1,1,1,1,0,0,0,0
10,long,dengeli,10637666763649161054,B,hain,sunk,7,6,0,1,1,2,0,0,0,0
10,long,dengeli,3892911901297468785,A,crew,port,5,5,1,1,1,2,0,0,0,0
10,long,dengeli,3892911901297468785,B,crew,port,6,6,1,1,1,4,0,0,0,0
10,long,dengeli,11333411957485406992,A,hain,sunk,8,7,0,1,1,4,0,0,0,0
10,long,dengeli,11333411957485406992,B,crew,port,8,8,1,1,1,1,0,0,0,0
10,long,dengeli,18373697989252022137,A,hain,sunk,4,3,0,1,1,1,0,0,0,0
10,long,dengeli,18373697989252022137,B,hain,sunk,10,9,0,1,1,3,0,0,0,0
10,long,dengeli,18213890022131056397,A,crew,port,7,7,2,1,1,4,0,0,0,0
10,long,dengeli,18213890022131056397,B,crew,port,8,8,2,1,1,4,0,0,0,0
10,long,dengeli,1982170615739818571,A,crew,port,7,7,2,0,0,4,0,0,0,0
10,long,dengeli,1982170615739818571,B,crew,port,8,8,2,0,0,5,0,0,0,0
10,long,dengeli,5138219496976809670,A,crew,port,5,5,1,1,1,2,0,0,0,0
10,long,dengeli,5138219496976809670,B,crew,port,6,6,1,1,1,3,0,0,0,0
10,long,dengeli,10807815268983512294,A,crew,port,7,7,1,1,1,3,0,0,0,0
10,long,dengeli,10807815268983512294,B,crew,port,7,7,1,1,1,3,0,0,0,0
10,long,dengeli,4784860196309281567,A,crew,port,6,6,2,1,1,4,0,0,0,0
10,long,dengeli,4784860196309281567,B,crew,port,6,6,2,1,1,2,0,0,0,0
10,long,dengeli,2823464962050907950,A,crew,port,7,7,2,0,0,4,7,0,0,0
10,long,dengeli,2823464962050907950,B,crew,port,7,7,2,0,0,4,7,0,0,0
10,long,dengeli,9712820868942043922,A,crew,port,7,7,1,1,1,2,0,0,0,0
10,long,dengeli,9712820868942043922,B,crew,port,7,7,1,1,1,1,0,0,0,0
10,long,dengeli,10971526316608348276,A,crew,port,7,7,2,0,0,4,0,0,0,0
10,long,dengeli,10971526316608348276,B,crew,port,7,7,2,0,0,4,0,0,0,0
10,long,dengeli,11559980264200922816,A,crew,port,7,7,1,1,1,3,0,0,0,0
10,long,dengeli,11559980264200922816,B,crew,port,7,7,1,1,1,3,0,0,0,0
10,long,kaotik,13454323485388119315,A,crew,port,8,8,2,0,0,5,0,0,0,0
10,long,kaotik,13454323485388119315,B,crew,port,8,8,2,0,0,5,0,0,0,0
10,long,kaotik,3459247834862864773,A,crew,port,8,8,1,1,1,6,0,0,0,0
10,long,kaotik,3459247834862864773,B,crew,port,8,8,1,1,1,6,0,0,0,0
10,long,kaotik,17748795573031058595,A,crew,port,7,7,1,1,1,2,0,0,0,0
10,long,kaotik,17748795573031058595,B,crew,port,7,7,1,1,1,2,0,0,0,0
10,long,kaotik,10349950020126815466,A,hain,sunk,8,7,0,1,1,3,0,0,0,0
10,long,kaotik,10349950020126815466,B,hain,sunk,7,6,0,1,1,2,0,0,0,0
10,long,kaotik,11969650865532872711,A,crew,port,7,7,2,1,1,4,0,0,0,0
10,long,kaotik,11969650865532872711,B,crew,port,6,6,2,1,1,3,0,0,0,0
10,long,kaotik,16983951063421747056,A,hain,sunk,7,6,0,1,0,4,0,0,0,0
10,long,kaotik,16983951063421747056,B,crew,port,7,7,2,1,1,4,0,0,0,0
10,long,kaotik,1552147202661468,A,crew,port,5,5,2,1,1,1,0,0,0,0
10,long,kaotik,1552147202661468,B,crew,port,5,5,2,1,1,2,0,0,0,0
10,long,kaotik,10766532449848643721,A,crew,port,7,7,2,1,1,4,0,0,0,0
10,long,kaotik,10766532449848643721,B,crew,port,7,7,2,1,1,3,0,0,0,0
10,long,kaotik,9255517509318042372,A,crew,port,7,7,1,1,1,3,0,0,0,0
10,long,kaotik,9255517509318042372,B,crew,port,7,7,1,1,1,3,0,0,0,0
10,long,kaotik,10264802230502278913,A,crew,port,6,6,2,1,1,3,7,0,0,0
10,long,kaotik,10264802230502278913,B,hain,sunk,5,4,0,1,0,1,0,0,0,0
10,long,kaotik,485425322775329829,A,crew,port,7,7,2,0,0,5,0,0,0,0
10,long,kaotik,485425322775329829,B,crew,port,7,7,1,0,0,4,0,0,0,0
10,long,kaotik,13882309928746508393,A,crew,port,7,7,2,1,1,3,0,0,0,0
10,long,kaotik,13882309928746508393,B,crew,port,7,7,2,1,1,3,0,0,0,0
10,long,kaotik,12891316077525058421,A,crew,port,7,7,2,1,1,4,0,0,0,0
10,long,kaotik,12891316077525058421,B,crew,port,7,7,2,1,1,4,0,0,0,0
10,long,kaotik,11175804433645969503,A,hain,sunk,2,1,0,0,0,0,0,0,0,0
10,long,kaotik,11175804433645969503,B,hain,sunk,2,1,0,0,0,0,0,0,0,0
10,long,kaotik,14096282877492352541,A,hain,sunk,7,6,0,1,0,3,0,0,0,0
10,long,kaotik,14096282877492352541,B,hain,sunk,7,6,0,1,0,3,0,0,0,0
10,long,kaotik,149961462629611175,A,crew,port,6,6,2,1,1,4,0,0,0,0
10,long,kaotik,149961462629611175,B,crew,port,6,6,2,1,1,4,0,0,0,0
10,long,kaotik,14062067644175209148,A,crew,port,9,9,2,1,1,3,0,0,0,0
10,long,kaotik,14062067644175209148,B,crew,port,9,9,1,1,1,4,0,0,0,0
10,long,kaotik,15414643476004743610,A,crew,port,7,7,1,1,1,2,0,0,0,0
10,long,kaotik,15414643476004743610,B,crew,port,7,7,2,1,1,2,0,0,0,0
10,long,kaotik,8379377179427775297,A,hain,sunk,4,3,0,1,1,0,0,0,0,0
10,long,kaotik,8379377179427775297,B,crew,port,7,7,2,1,1,4,0,0,0,0
10,long,kaotik,13715383886594200447,A,crew,port,7,7,1,1,1,2,0,0,0,0
10,long,kaotik,13715383886594200447,B,crew,port,6,6,2,1,1,2,0,0,0,0
11,short,temkinli,16828683996889671627,A,crew,port,5,5,1,1,1,0,0,0,0,0
11,short,temkinli,16828683996889671627,B,crew,port,5,5,1,1,1,2,0,0,0,0
11,short,temkinli,6056782934356699958,A,crew,port,5,5,1,1,1,1,0,0,0,0
11,short,temkinli,6056782934356699958,B,crew,port,5,5,1,1,1,2,0,0,0,0
11,short,temkinli,7192625265325956749,A,crew,port,5,5,2,1,1,1,0,0,0,0
11,short,temkinli,7192625265325956749,B,crew,port,5,5,2,1,1,1,0,0,0,0
11,short,temkinli,11090397780004637202,A,hain,sunk,2,1,0,1,0,0,0,0,0,0
11,short,temkinli,11090397780004637202,B,hain,sunk,2,1,0,1,0,0,0,0,0,0
11,short,temkinli,14495221657795269577,A,hain,sunk,4,3,0,1,1,1,0,0,0,0
11,short,temkinli,14495221657795269577,B,hain,scurvy,5,4,2,1,0,1,0,0,0,0
11,short,temkinli,12900957698011243264,A,crew,port,5,5,1,1,1,3,0,0,0,0
11,short,temkinli,12900957698011243264,B,crew,port,5,5,1,1,1,3,0,0,0,0
11,short,temkinli,10919567473408657509,A,crew,port,5,5,1,1,1,1,0,0,0,0
11,short,temkinli,10919567473408657509,B,crew,port,5,5,1,1,1,2,0,0,0,0
11,short,temkinli,7336357576015857021,A,hain,sunk,4,3,0,1,1,2,0,0,0,0
11,short,temkinli,7336357576015857021,B,crew,port,5,5,1,1,1,2,0,0,0,0
11,short,temkinli,17152881808262897323,A,hain,sunk,7,6,0,1,1,2,0,0,0,0
11,short,temkinli,17152881808262897323,B,hain,sunk,7,6,0,1,1,2,0,0,0,0
11,short,temkinli,6382650923135625249,A,crew,port,5,5,2,1,1,4,0,0,0,0
11,short,temkinli,6382650923135625249,B,crew,port,5,5,2,1,1,2,0,0,0,0
11,short,temkinli,6857215755677322393,A,crew,port,5,5,2,1,1,2,0,0,0,0
11,short,temkinli,6857215755677322393,B,crew,port,5,5,2,1,1,2,0,0,0,0
11,short,temkinli,17038046562845844764,A,crew,port,5,5,1,1,1,2,0,0,0,0
11,short,temkinli,17038046562845844764,B,crew,port,4,4,2,1,1,0,0,0,0,0
11,short,temkinli,5733440832565066892,A,hain,sunk,4,3,0,1,1,1,0,0,0,0
11,short,temkinli,5733440832565066892,B,crew,port,5,5,1,1,1,1,0,0,0,0
11,short,temkinli,2090593952980156292,A,hain,sunk,5,4,0,1,1,3,0,0,0,0
11,short,temkinli,2090593952980156292,B,hain,sunk,5,4,0,1,1,3,0,0,0,0
11,short,temkinli,9716803581554702673,A,hain,sunk,5,4,0,1,1,3,0,0,0,0
11,short,temkinli,9716803581554702673,B,hain,sunk,5,4,0,1,1,3,0,0,0,0
11,short,temkinli,1127313964219601251,A,crew,port,5,5,2,1,1,1,0,0,0,0
11,short,temkinli,1127313964219601251,B,crew,port,5,5,2,1,1,1,0,0,0,0
11,short,temkinli,1368399664397895478,A,crew,port,5,5,1,1,1,2,0,0,0,0
11,short,temkinli,1368399664397895478,B,crew,port,5,5,1,1,1,2,0,0,0,0
11,short,temkinli,9721372805790818392,A,crew,port,5,5,1,1,1,2,0,0,0,0
11,short,temkinli,9721372805790818392,B,crew,port,5,5,1,1,1,2,0,0,0,0
11,short,temkinli,12753504210009977799,A,hain,sunk,2,1,0,1,0,0,0,0,0,0
11,short,temkinli,12753504210009977799,B,hain,sunk,2,1,0,1,0,0,0,0,0,0
11,short,temkinli,16740485324514275319,A,hain,sunk,4,3,0,1,1,1,0,0,0,0
11,short,temkinli,16740485324514275319,B,hain,sunk,4,3,0,1,1,1,0,0,0,0
11,short,dengeli,17484243629283042694,A,crew,port,5,5,1,1,1,2,0,0,0,0
11,short,dengeli,17484243629283042694,B,crew,port,5,5,1,1,1,2,0,0,0,0
11,short,dengeli,718859764341987768,A,hain,sunk,4,3,0,1,0,1,0,0,0,0
11,short,dengeli,718859764341987768,B,hain,sunk,4,3,0,1,0,1,0,0,0,0
11,short,dengeli,429671546453069763,A,hain,scurvy,5,4,2,1,0,2,0,0,0,0
11,short,dengeli,429671546453069763,B,hain,scurvy,5,4,1,1,0,2,0,0,0,0
11,short,dengeli,17450586047746681835,A,crew,port,4,4,2,0,0,2,0,0,0,0
11,short,dengeli,17450586047746681835,B,crew,port,4,4,2,0,0,2,0,0,0,0
11,short,dengeli,3805918302301676534,A,crew,port,5,5,2,0,0,2,0,0,0,0
11,short,dengeli,3805918302301676534,B,crew,port,6,6,2,0,0,2,0,0,0,0
11,short,dengeli,5573935049769837996,A,crew,port,5,5,2,1,1,1,0,0,0,0
11,short,dengeli,5573935049769837996,B,crew,port,5,5,2,1,1,1,0,0,0,0
11,short,dengeli,80582314353399600,A,crew,port,5,5,2,1,1,2,0,0,0,0
11,short,dengeli,80582314353399600,B,crew,port,5,5,1,1,1,3,0,0,0,0
11,short,dengeli,16157887556528480149,A,crew,port,5,5,1,1,1,1,0,0,0,0
11,short,dengeli,16157887556528480149,B,hain,scurvy,6,5,2,1,0,2,0,0,0,0
11,short,dengeli,15990257370960671156,A,crew,port,5,5,1,1,1,2,0,0,0,0
11,short,dengeli,15990257370960671156,B,crew,port,5,5,1,1,1,2,0,0,0,0
11,short,dengeli,11822079301097169126,A,hain,sunk,3,2,0,1,1,1,0,0,0,0
11,short,dengeli,11822079301097169126,B,hain,sunk,3,2,0,1,1,1,0,0,0,0
11,short,dengeli,18036797374962005019,A,crew,port,5,5,2,1,1,2,0,0,0,0
11,short,dengeli,18036797374962005019,B,crew,port,5,5,2,1,1,2,0,0,0,0
11,short,dengeli,2791375216594943196,A,crew,port,5,5,2,1,1,2,0,0,0,0
11,short,dengeli,2791375216594943196,B,crew,port,5,5,2,1,1,2,0,0,0,0
11,short,dengeli,5472438226557384646,A,crew,port,5,5,2,1,1,3,0,0,0,0
11,short,dengeli,5472438226557384646,B,crew,port,5,5,2,1,1,3,0,0,0,0
11,short,dengeli,6582790027454603454,A,crew,port,4,4,2,1,1,0,0,0,0,0
11,short,dengeli,6582790027454603454,B,crew,port,5,5,1,1,1,2,0,0,0,0
11,short,dengeli,10614219640460241575,A,crew,port,5,5,2,1,1,3,0,0,0,0
11,short,dengeli,10614219640460241575,B,crew,port,4,4,2,1,1,2,0,0,0,0
11,short,dengeli,2203801692868433834,A,hain,sunk,3,2,0,1,0,1,0,0,0,0
11,short,dengeli,2203801692868433834,B,crew,port,5,5,1,1,1,2,0,0,0,0
11,short,dengeli,1897641410286749322,A,crew,port,5,5,1,1,1,1,0,0,0,0
11,short,dengeli,1897641410286749322,B,crew,port,5,5,1,1,1,1,0,0,0,0
11,short,dengeli,10345010012681933814,A,hain,sunk,2,1,0,1,0,0,0,0,0,0
11,short,dengeli,10345010012681933814,B,hain,sunk,2,1,0,1,0,0,0,0,0,0
11,short,dengeli,4654965973819648893,A,crew,port,5,5,2,1,1,2,0,0,0,0
11,short,dengeli,4654965973819648893,B,crew,port,5,5,2,1,1,2,0,0,0,0
11,short,dengeli,15201838660283266507,A,crew,port,5,5,1,1,1,3,0,0,0,0
11,short,dengeli,15201838660283266507,B,crew,port,5,5,1,1,1,2,0,0,0,0
11,short,kaotik,7691345577954586319,A,crew,port,5,5,1,1,1,1,0,0,0,0
11,short,kaotik,7691345577954586319,B,crew,port,5,5,1,1,1,1,0,0,0,0
11,short,kaotik,6732994618142268674,A,hain,sunk,3,2,0,1,0,0,0,0,0,0
11,short,kaotik,6732994618142268674,B,hain,sunk,3,2,0,1,0,0,0,0,0,0
11,short,kaotik,17164305754736510725,A,crew,port,5,5,2,1,1,2,0,0,0,0
11,short,kaotik,17164305754736510725,B,crew,port,5,5,2,1,1,2,0,0,0,0
11,short,kaotik,15008237539338865826,A,hain,sunk,5,4,0,1,0,2,0,0,0,0
11,short,kaotik,15008237539338865826,B,hain,sunk,5,4,0,1,0,2,0,0,0,0
11,short,kaotik,13689554448213162712,A,crew,port,5,5,1,1,1,2,0,0,0,0
11,short,kaotik,13689554448213162712,B,crew,port,5,5,2,1,1,2,0,0,0,0
11,short,kaotik,15057357703743627220,A,crew,port,5,5,1,1,1,3,0,0,0,0
11,short,kaotik,15057357703743627220,B,crew,port,5,5,1,1,1,3,0,0,0,0
11,short,kaotik,745052965466870659,A,crew,port,5,5,2,1,1,1,0,0,0,0
11,short,kaotik,745052965466870659,B,crew,port,5,5,1,1,1,2,0,0,0,0
11,short,kaotik,17224010344901909675,A,crew,port,5,5,1,1,1,3,0,0,0,0
11,short,kaotik,17224010344901909675,B,crew,port,5,5,1,1,1,3,0,0,0,0
11,short,kaotik,7258006627359836518,A,hain,sunk,4,3,0,1,1,0,0,0,0,0
11,short,kaotik,7258006627359836518,B,hain,sunk,4,3,0,1,1,0,0,0,0,0
11,short,kaotik,9582359969461122478,A,hain,scurvy,5,4,2,1,0,1,0,0,0,0
11,short,kaotik,9582359969461122478,B,hain,sunk,5,4,0,1,0,1,0,0,0,0
11,short,kaotik,12333580578797966363,A,crew,port,5,5,1,1,1,3,0,0,0,0
11,short,kaotik,12333580578797966363,B,crew,port,5,5,1,1,1,3,0,0,0,0
11,short,kaotik,3977839115190438915,A,hain,scurvy,4,3,1,1,0,1,0,0,0,0
11,short,kaotik,3977839115190438915,B,hain,scurvy,4,3,1,1,0,1,0,0,0,0
11,short,kaotik,16810430801054741203,A,crew,port,5,5,1,1,1,1,0,0,0,0
11,short,kaotik,16810430801054741203,B,crew,port,5,5,1,1,1,1,0,0,0,0
11,short,kaotik,15321770727171580537,A,hain,scurvy,5,4,1,1,0,1,0,0,0,0
11,short,kaotik,15321770727171580537,B,hain,sunk,3,2,0,1,1,0,0,0,0,0
11,short,kaotik,15758366502394541468,A,crew,port,5,5,1,1,1,2,0,0,0,0
11,short,kaotik,15758366502394541468,B,crew,port,5,5,2,1,1,4,0,0,0,0
11,short,kaotik,10260994421738125547,A,crew,port,5,5,2,1,1,2,0,0,0,0
11,short,kaotik,10260994421738125547,B,crew,port,5,5,2,1,1,2,0,0,0,0
11,short,kaotik,15360651530450413764,A,hain,sunk,2,1,0,0,0,0,0,0,0,0
11,short,kaotik,15360651530450413764,B,hain,sunk,2,1,0,0,0,0,0,0,0,0
11,short,kaotik,6119925929274447294,A,hain,sunk,4,3,0,1,1,2,0,0,0,0
11,short,kaotik,6119925929274447294,B,hain,sunk,4,3,0,1,1,2,0,0,0,0
11,short,kaotik,1702772706600000550,A,crew,port,8,8,1,1,1,5,0,0,0,0
11,short,kaotik,1702772706600000550,B,crew,port,5,5,1,1,1,2,0,0,0,0
11,short,kaotik,13900061300227863225,A,hain,sunk,5,4,0,1,0,1,0,0,0,0
11,short,kaotik,13900061300227863225,B,hain,scurvy,5,4,1,1,0,2,0,0,0,0
11,normal,temkinli,5577388564650513417,A,crew,port,7,7,2,1,1,3,0,0,0,0
11,normal,temkinli,5577388564650513417,B,crew,port,7,7,2,1,1,4,0,0,0,0
11,normal,temkinli,35017650528213290,A,crew,port,6,6,1,0,0,2,0,0,0,0
11,normal,temkinli,35017650528213290,B,crew,port,7,7,2,0,0,4,0,0,0,0
11,normal,temkinli,16206972277137436067,A,crew,port,6,6,1,1,1,3,0,0,0,0
11,normal,temkinli,16206972277137436067,B,crew,port,6,6,2,1,1,2,0,0,0,0
11,normal,temkinli,14376869072179171331,A,hain,sunk,2,1,0,1,0,0,0,0,0,0
11,normal,temkinli,14376869072179171331,B,hain,sunk,4,3,0,1,1,1,0,0,0,0
11,normal,temkinli,10420113957942167217,A,crew,port,9,9,1,1,1,5,0,0,0,0
11,normal,temkinli,10420113957942167217,B,crew,port,9,9,1,1,1,5,0,0,0,0
11,normal,temkinli,8006631926065087119,A,crew,port,6,6,2,1,1,5,7,0,0,0
11,normal,temkinli,8006631926065087119,B,crew,port,6,6,2,1,1,5,7,0,0,0
11,normal,temkinli,13766837585362361572,A,hain,sunk,5,4,0,1,1,1,0,0,0,0
11,normal,temkinli,13766837585362361572,B,hain,sunk,5,4,0,1,1,1,0,0,0,0
11,normal,temkinli,11352269883388095296,A,crew,port,6,6,1,1,1,4,0,0,0,0
11,normal,temkinli,11352269883388095296,B,crew,port,6,6,1,1,1,4,0,0,0,0
11,normal,temkinli,4127370866021198868,A,crew,port,6,6,1,1,1,5,0,0,0,0
11,normal,temkinli,4127370866021198868,B,hain,sunk,5,4,0,1,1,0,0,0,0,0
11,normal,temkinli,13923503245048641395,A,crew,port,6,6,2,1,1,4,0,0,0,0
11,normal,temkinli,13923503245048641395,B,crew,port,7,7,2,1,1,3,0,0,0,0
11,normal,temkinli,5868936747677422030,A,hain,sunk,6,5,0,1,1,3,7,0,0,0
11,normal,temkinli,5868936747677422030,B,hain,sunk,5,4,0,1,1,1,0,0,0,0
11,normal,temkinli,11886593062076118363,A,hain,sunk,4,3,0,1,0,1,0,0,0,0
11,normal,temkinli,11886593062076118363,B,hain,sunk,4,3,0,1,0,1,0,0,0,0
11,normal,temkinli,10497112498726186,A,hain,sunk,2,1,0,1,0,0,0,0,0,0
11,normal,temkinli,10497112498726186,B,hain,sunk,2,1,0,1,0,0,0,0,0,0
11,normal,temkinli,5360835226830180632,A,crew,port,6,6,1,1,1,2,0,0,0,0
11,normal,temkinli,5360835226830180632,B,hain,sunk,5,4,0,1,1,3,0,0,0,0
11,normal,temkinli,3321012778000279151,A,hain,scurvy,5,4,2,1,0,2,0,0,0,0
11,normal,temkinli,3321012778000279151,B,hain,sunk,9,8,0,1,1,7,0,0,0,0
11,normal,temkinli,6574454812392047463,A,hain,sunk,4,3,0,1,1,2,0,0,0,0
11,normal,temkinli,6574454812392047463,B,hain,sunk,3,2,0,1,1,1,0,0,0,0
11,normal,temkinli,5321036412050031044,A,crew,port,6,6,2,1,1,4,0,0,0,0
11,normal,temkinli,5321036412050031044,B,crew,port,6,6,2,1,1,4,0,0,0,0
11,normal,temkinli,2903661517372332429,A,crew,port,5,5,2,1,1,2,0,0,0,0
11,normal,temkinli,2903661517372332429,B,crew,port,6,6,2,1,1,3,0,0,0,0
11,normal,temkinli,17716140516923284792,A,hain,sunk,7,6,0,1,1,2,0,0,0,0
11,normal,temkinli,17716140516923284792,B,hain,sunk,7,6,0,1,1,2,0,0,0,0
11,normal,temkinli,419532904496451513,A,crew,port,6,6,2,0,0,3,0,0,0,0
11,normal,temkinli,419532904496451513,B,crew,port,6,6,2,0,0,3,0,0,0,0
11,normal,dengeli,7782404857260665753,A,hain,sunk,2,1,0,1,0,0,0,0,0,0
11,normal,dengeli,7782404857260665753,B,hain,sunk,4,3,0,1,0,2,0,0,0,0
11,normal,dengeli,5066421459545568965,A,crew,port,6,6,2,1,1,4,0,0,0,0
11,normal,dengeli,5066421459545568965,B,crew,port,8,8,2,1,1,6,0,0,0,0
11,normal,dengeli,12263857844771284278,A,crew,port,7,7,1,1,1,3,0,0,0,0
11,normal,dengeli,12263857844771284278,B,crew,port,7,7,1,1,1,3,0,0,0,0
11,normal,dengeli,7955471330067786218,A,crew,port,6,6,1,0,0,0,0,0,0,0
11,normal,dengeli,7955471330067786218,B,crew,port,7,7,1,0,0,2,0,0,0,0
11,normal,dengeli,12517972534533860773,A,hain,sunk,5,4,0,1,0,2,0,0,0,0
11,normal,dengeli,12517972534533860773,B,hain,sunk,5,4,0,1,0,2,0,0,0,0
11,normal,dengeli,14978023281737795995,A,crew,port,6,6,1,1,1,2,0,0,0,0
11,normal,dengeli,14978023281737795995,B,crew,port,6,6,1,1,1,2,0,0,0,0
11,normal,dengeli,12790053988465165008,A,hain,scurvy,6,5,1,1,0,1,0,0,0,0
11,normal,dengeli,12790053988465165008,B,hain,scurvy,6,5,1,1,0,1,0,0,0,0
11,normal,dengeli,16161504994018479409,A,crew,port,6,6,2,0,0,3,0,0,0,0
11,normal,dengeli,16161504994018479409,B,crew,port,6,6,1,0,0,2,0,0,0,0
11,normal,dengeli,1307107623982830240,A,hain,sunk,3,2,0,1,0,1,0,0,0,0
11,normal,dengeli,1307107623982830240,B,crew,port,7,7,1,1,1,4,0,0,0,0
11,normal,dengeli,6032417554853671669,A,hain,sunk,6,5,0,1,1,1,0,0,0,0
11,normal,dengeli,6032417554853671669,B,hain,sunk,6,5,0,1,1,2,0,0,0,0
11,normal,dengeli,12955882996431885880,A,hain,scurvy,6,5,2,1,0,3,7,0,0,0
11,normal,dengeli,12955882996431885880,B,hain,scurvy,6,5,2,1,0,3,7,0,0,0
11,normal,dengeli,10805458482698225896,A,crew,port,6,6,2,1,1,4,0,0,0,0
11,normal,dengeli,10805458482698225896,B,crew,port,6,6,1,1,1,4,0,0,0,0
11,normal,dengeli,5322387588001143091,A,crew,port,6,6,2,1,1,2,0,0,0,0
11,normal,dengeli,5322387588001143091,B,crew,port,6,6,2,1,1,2,0,0,0,0
11,normal,dengeli,17185224297343322435,A,crew,port,6,6,1,1,1,3,0,0,0,0
11,normal,dengeli,17185224297343322435,B,crew,port,6,6,1,1,1,2,0,0,0,0
11,normal,dengeli,3258220810760977503,A,crew,port,6,6,1,1,1,2,0,0,0,0
11,normal,dengeli,3258220810760977503,B,crew,port,5,5,1,1,1,3,0,0,0,0
11,normal,dengeli,16704559609130787736,A,crew,port,5,5,2,1,1,3,0,0,0,0
11,normal,dengeli,16704559609130787736,B,crew,port,5,5,2,1,1,3,0,0,0,0
11,normal,dengeli,8313053051829826277,A,hain,sunk,6,5,0,1,1,3,0,0,0,0
11,normal,dengeli,8313053051829826277,B,hain,sunk,5,4,0,1,1,2,0,0,0,0
11,normal,dengeli,9616745504308768917,A,hain,sunk,4,3,0,1,1,2,0,0,0,0
11,normal,dengeli,9616745504308768917,B,hain,sunk,4,3,0,1,1,2,0,0,0,0
11,normal,dengeli,2810492848544665673,A,crew,port,7,7,1,1,1,4,0,0,0,0
11,normal,dengeli,2810492848544665673,B,crew,port,5,5,2,1,1,3,0,0,0,0
11,normal,dengeli,12771375729847620660,A,hain,sunk,5,4,0,1,0,1,0,0,0,0
11,normal,dengeli,12771375729847620660,B,hain,sunk,5,4,0,1,0,1,0,0,0,0
11,normal,kaotik,16354195630588741159,A,crew,port,5,5,2,1,1,3,0,0,0,0
11,normal,kaotik,16354195630588741159,B,crew,port,6,6,1,1,1,2,0,0,0,0
11,normal,kaotik,3124732221674229627,A,crew,port,6,6,1,1,1,3,0,0,0,0
11,normal,kaotik,3124732221674229627,B,crew,port,7,7,2,1,1,2,0,0,0,0
11,normal,kaotik,14527798008359170210,A,crew,port,5,5,1,1,1,2,0,0,0,0
11,normal,kaotik,14527798008359170210,B,crew,port,5,5,1,1,1,2,0,0,0,0
11,normal,kaotik,1201614154978983757,A,crew,port,6,6,2,1,1,2,0,0,0,0
11,normal,kaotik,1201614154978983757,B,crew,port,6,6,2,1,1,5,0,0,0,0
11,normal,kaotik,8721687644802705822,A,crew,port,6,6,1,1,1,2,0,0,0,0
11,normal,kaotik,8721687644802705822,B,crew,port,6,6,1,1,1,2,0,0,0,0
11,normal,kaotik,3561715916972405312,A,crew,port,6,6,1,1,1,2,0,0,0,0
11,normal,kaotik,3561715916972405312,B,crew,port,6,6,1,1,1,2,0,0,0,0
11,normal,kaotik,17777249457912268938,A,crew,port,6,6,2,1,1,2,0,0,0,0
11,normal,kaotik,17777249457912268938,B,crew,port,6,6,2,1,1,1,0,0,0,0
11,normal,kaotik,14979168412166071160,A,crew,port,6,6,2,1,1,3,0,0,0,0
11,normal,kaotik,14979168412166071160,B,crew,port,6,6,2,1,1,3,0,0,0,0
11,normal,kaotik,17890064372130520008,A,crew,port,6,6,1,1,1,2,7,0,0,0
11,normal,kaotik,17890064372130520008,B,crew,port,7,7,2,1,1,2,0,0,0,0
11,normal,kaotik,5879091151647662179,A,hain,sunk,15,14,0,1,1,5,0,0,0,0
11,normal,kaotik,5879091151647662179,B,hain,sunk,14,13,0,1,1,4,0,0,0,0
11,normal,kaotik,12194394955452983441,A,hain,sunk,4,3,0,1,0,0,0,0,0,0
11,normal,kaotik,12194394955452983441,B,hain,sunk,5,4,0,1,0,0,0,0,0,0
11,normal,kaotik,14328435268797205093,A,crew,port,6,6,1,1,1,2,0,0,0,0
11,normal,kaotik,14328435268797205093,B,crew,port,6,6,1,1,1,2,0,0,0,0
11,normal,kaotik,12131263837618475467,A,hain,scurvy,6,5,1,1,0,1,0,0,0,0
11,normal,kaotik,12131263837618475467,B,crew,port,6,6,1,1,1,3,0,0,0,0
11,normal,kaotik,5534778735917934250,A,crew,port,7,7,1,1,1,4,0,0,0,1
11,normal,kaotik,5534778735917934250,B,hain,sunk,5,4,0,1,1,1,0,0,0,0
11,normal,kaotik,513010068435317296,A,crew,port,6,6,2,1,1,3,0,0,0,0
11,normal,kaotik,513010068435317296,B,crew,port,6,6,2,1,1,3,0,0,0,0
11,normal,kaotik,7112299419843451651,A,crew,port,5,5,2,1,1,2,0,0,0,0
11,normal,kaotik,7112299419843451651,B,crew,port,6,6,2,1,1,2,0,0,0,0
11,normal,kaotik,14160756000195465683,A,crew,port,6,6,2,1,1,1,0,0,0,0
11,normal,kaotik,14160756000195465683,B,crew,port,5,5,2,1,1,4,0,0,0,0
11,normal,kaotik,12851705725398242565,A,crew,port,6,6,2,1,1,4,0,0,0,0
11,normal,kaotik,12851705725398242565,B,crew,port,7,7,2,1,1,4,0,0,0,0
11,normal,kaotik,9071541228287716416,A,crew,port,6,6,1,1,1,2,0,0,0,0
11,normal,kaotik,9071541228287716416,B,crew,port,6,6,1,1,1,2,0,0,0,0
11,normal,kaotik,8621150774171327474,A,hain,sunk,5,4,0,1,0,2,0,0,0,0
11,normal,kaotik,8621150774171327474,B,crew,port,7,7,1,1,1,4,0,0,0,0
11,long,temkinli,12595651721294697617,A,hain,sunk,7,6,0,1,1,2,0,0,0,0
11,long,temkinli,12595651721294697617,B,crew,port,10,10,2,1,1,3,0,0,0,0
11,long,temkinli,5042428466345571214,A,hain,sunk,7,6,0,1,1,4,0,0,0,0
11,long,temkinli,5042428466345571214,B,hain,sunk,7,6,0,1,1,2,0,0,0,0
11,long,temkinli,16231606097198938080,A,crew,port,7,7,1,1,1,4,0,0,0,0
11,long,temkinli,16231606097198938080,B,crew,port,7,7,1,1,1,4,0,0,0,0
11,long,temkinli,8052923662799761800,A,crew,port,6,6,2,1,1,4,0,0,0,0
11,long,temkinli,8052923662799761800,B,crew,port,6,6,2,1,1,4,0,0,0,0
11,long,temkinli,7274082090236375788,A,crew,port,9,9,1,0,0,4,0,0,0,0
11,long,temkinli,7274082090236375788,B,crew,port,8,8,1,0,0,3,0,0,0,0
11,long,temkinli,7785076322518557827,A,hain,sunk,7,6,0,1,1,4,0,0,0,0
11,long,temkinli,7785076322518557827,B,hain,sunk,5,4,0,1,1,3,0,0,0,0
11,long,temkinli,4503805653528433268,A,crew,port,7,7,2,1,1,3,0,0,0,0
11,long,temkinli,4503805653528433268,B,crew,port,7,7,2,1,1,3,0,0,0,0
11,long,temkinli,2326489805106205780,A,hain,sunk,6,5,0,0,0,1,0,0,0,0
11,long,temkinli,2326489805106205780,B,hain,sunk,6,5,0,0,0,1,0,0,0,0
11,long,temkinli,7177923135872816070,A,crew,port,6,6,2,1,1,3,0,0,0,0
11,long,temkinli,7177923135872816070,B,crew,port,7,7,2,1,1,3,0,0,0,0
11,long,temkinli,13741707161086261716,A,hain,sunk,4,3,0,1,0,1,0,0,0,0
11,long,temkinli,13741707161086261716,B,hain,sunk,4,3,0,1,0,1,0,0,0,0
11,long,temkinli,9070788377336883973,A,hain,sunk,8,7,0,1,1,4,0,0,0,0
11,long,temkinli,9070788377336883973,B,hain,sunk,4,3,0,1,0,1,0,0,0,0
11,long,temkinli,12700309659825655272,A,hain,sunk,7,6,0,1,0,1,0,0,0,0
11,long,temkinli,12700309659825655272,B,hain,sunk,7,6,0,1,0,5,0,0,0,0
11,long,temkinli,4845342652632760582,A,hain,sunk,6,5,0,1,1,3,0,0,0,0
11,long,temkinli,4845342652632760582,B,hain,sunk,6,5,0,1,1,3,0,0,0,0
11,long,temkinli,18290867188134372264,A,crew,port,7,7,2,0,0,4,0,0,0,0
11,long,temkinli,18290867188134372264,B,crew,port,8,8,2,0,0,5,0,0,0,0
11,long,temkinli,1574582716855320975,A,crew,port,7,7,2,1,1,4,0,0,0,0
11,long,temkinli,1574582716855320975,B,crew,port,8,8,2,1,1,5,0,0,0,0
11,long,temkinli,2006408322130964322,A,crew,port,6,6,2,1,1,3,0,0,0,0
11,long,temkinli,2006408322130964322,B,crew,port,6,6,2,1,1,3,0,0,0,0
11,long,temkinli,9408335011630439273,A,hain,scurvy,8,7,2,1,0,4,0,0,0,0
11,long,temkinli,9408335011630439273,B,hain,scurvy,8,7,2,1,0,4,0,0,0,0
11,long,temkinli,12619849406844673694,A,crew,port,9,9,1,1,1,5,0,0,0,0
11,long,temkinli,12619849406844673694,B,crew,port,6,6,1,1,1,5,0,0,0,0
11,long,temkinli,18165435616840436061,A,hain,sunk,6,5,0,1,1,3,0,0,0,0
11,long,temkinli,18165435616840436061,B,hain,sunk,6,5,0,1,1,3,0,0,0,0
11,long,temkinli,16734238924151151792,A,crew,port,6,6,2,1,1,4,0,0,0,0
11,long,temkinli,16734238924151151792,B,crew,port,6,6,2,1,1,2,0,0,0,0
11,long,dengeli,14900571260619201036,A,crew,port,7,7,2,1,1,4,0,0,0,0
11,long,dengeli,14900571260619201036,B,hain,sunk,6,5,0,1,1,2,0,0,0,0
11,long,dengeli,14305088391192074852,A,hain,scurvy,6,5,1,1,0,2,0,0,0,0
11,long,dengeli,14305088391192074852,B,hain,scurvy,6,5,1,1,0,2,0,0,0,0
11,long,dengeli,15319498771349017793,A,crew,port,7,7,2,1,1,5,0,0,0,0
11,long,dengeli,15319498771349017793,B,hain,sunk,6,5,0,1,1,3,0,0,0,0
11,long,dengeli,9393922002005855411,A,crew,port,6,6,2,0,0,3,0,0,0,0
11,long,dengeli,9393922002005855411,B,crew,port,6,6,2,0,0,2,0,0,0,0
11,long,dengeli,12347550667950653855,A,hain,scurvy,7,6,1,1,0,3,0,0,0,0
11,long,dengeli,12347550667950653855,B,hain,scurvy,7,6,1,1,0,3,0,0,0,0
11,long,dengeli,5018916662245059567,A,crew,port,7,7,1,1,1,3,0,0,0,0
11,long,dengeli,5018916662245059567,B,hain,scurvy,6,5,2,1,0,3,0,0,0,0
11,long,dengeli,6007286241349625481,A,crew,port,6,6,2,1,1,4,0,0,0,0
11,long,dengeli,6007286241349625481,B,crew,port,6,6,2,1,1,5,0,0,0,0
11,long,dengeli,1042271575698805,A,crew,port,7,7,2,1,1,4,7,0,0,0
11,long,dengeli,1042271575698805,B,crew,port,7,7,2,1,1,4,7,0,0,0
11,long,dengeli,14816133083382684915,A,hain,sunk,7,6,0,1,1,2,0,0,0,0
11,long,dengeli,14816133083382684915,B,crew,port,7,7,1,1,1,3,0,0,0,0
11,long,dengeli,17727577743776883550,A,hain,sunk,7,6,0,1,1,3,0,0,0,0
11,long,dengeli,17727577743776883550,B,hain,sunk,6,5,0,1,1,4,0,0,0,0
11,long,dengeli,8536770574692391743,A,crew,port,7,7,1,1,1,4,0,0,0,0
11,long,dengeli,8536770574692391743,B,crew,port,7,7,1,1,1,4,0,0,0,0
11,long,dengeli,9053852333378750684,A,crew,port,7,7,1,1,1,4,0,0,0,0
11,long,dengeli,9053852333378750684,B,crew,port,7,7,1,1,1,4,0,0,0,0
11,long,dengeli,9336974098168051523,A,hain,sunk,7,6,0,0,0,1,0,0,0,0
11,long,dengeli,9336974098168051523,B,hain,sunk,4,3,0,0,0,1,0,0,0,0
11,long,dengeli,16440571613607127414,A,crew,port,6,6,2,1,1,3,0,0,0,0
11,long,dengeli,16440571613607127414,B,crew,port,6,6,1,1,1,4,0,0,0,0
11,long,dengeli,9267504699892522210,A,crew,port,12,12,1,1,1,6,0,0,0,0
11,long,dengeli,9267504699892522210,B,crew,port,12,12,1,1,1,6,0,0,0,0
11,long,dengeli,10808765053984957674,A,crew,port,7,7,2,1,1,4,0,0,0,0
11,long,dengeli,10808765053984957674,B,crew,port,7,7,2,1,1,2,0,0,0,0
11,long,dengeli,2791500395648284696,A,hain,sunk,5,4,0,1,1,2,0,0,0,0
11,long,dengeli,2791500395648284696,B,hain,sunk,5,4,0,1,1,2,0,0,0,0
11,long,dengeli,3181917794560499393,A,crew,port,7,7,2,1,1,5,0,0,0,0
11,long,dengeli,3181917794560499393,B,crew,port,7,7,2,1,1,5,0,0,0,0
11,long,dengeli,15308183354799526017,A,crew,port,6,6,2,1,1,3,0,0,0,0
11,long,dengeli,15308183354799526017,B,hain,sunk,6,5,0,1,1,1,0,0,0,0
11,long,dengeli,9206734990818017080,A,crew,port,7,7,2,1,1,4,0,0,0,0
11,long,dengeli,9206734990818017080,B,hain,sunk,4,3,0,1,0,0,0,0,0,0
11,long,kaotik,6381300337359835159,A,crew,port,6,6,1,1,1,2,0,0,0,0
11,long,kaotik,6381300337359835159,B,crew,port,7,7,2,1,1,2,0,0,0,0
11,long,kaotik,7024000204405189261,A,crew,port,7,7,1,1,1,4,0,0,0,0
11,long,kaotik,7024000204405189261,B,crew,port,6,6,1,1,1,4,0,0,0,0
11,long,kaotik,6501074420528379450,A,hain,sunk,7,6,0,0,0,1,0,0,0,0
11,long,kaotik,6501074420528379450,B,hain,sunk,7,6,0,0,0,1,0,0,0,0
11,long,kaotik,1911543231688127824,A,crew,port,6,6,2,1,1,2,0,0,0,0
11,long,kaotik,1911543231688127824,B,crew,port,6,6,2,1,1,2,0,0,0,0
11,long,kaotik,9329489063970940896,A,crew,port,9,9,2,1,1,3,7,0,0,0
11,long,kaotik,9329489063970940896,B,hain,sunk,8,7,0,1,1,1,0,0,0,0
11,long,kaotik,17894776511679472018,A,crew,port,6,6,2,1,1,3,0,0,0,0
11,long,kaotik,17894776511679472018,B,crew,port,6,6,2,1,1,3,0,0,0,0
11,long,kaotik,1982523237946890227,A,crew,port,8,8,1,1,1,5,0,0,0,0
11,long,kaotik,1982523237946890227,B,hain,sunk,8,7,0,1,1,3,0,0,0,0
11,long,kaotik,229453798605860735,A,hain,sunk,6,5,0,1,1,2,0,0,0,0
11,long,kaotik,229453798605860735,B,hain,sunk,6,5,0,1,1,2,0,0,0,0
11,long,kaotik,6858810076119390730,A,hain,scurvy,6,5,1,1,0,3,0,0,0,0
11,long,kaotik,6858810076119390730,B,hain,scurvy,7,6,1,1,0,3,0,0,0,0
11,long,kaotik,16889317455714794144,A,crew,port,7,7,1,1,1,4,7,0,0,0
11,long,kaotik,16889317455714794144,B,crew,port,6,6,1,1,1,2,0,0,0,0
11,long,kaotik,11628752963132321899,A,crew,port,6,6,1,1,1,1,0,0,0,0
11,long,kaotik,11628752963132321899,B,crew,port,6,6,1,1,1,1,0,0,0,0
11,long,kaotik,5438177448157102376,A,crew,port,7,7,1,1,1,4,0,0,0,0
11,long,kaotik,5438177448157102376,B,crew,port,7,7,1,1,1,2,0,0,0,0
11,long,kaotik,17686818252169638352,A,crew,port,7,7,2,1,1,4,0,0,0,0
11,long,kaotik,17686818252169638352,B,crew,port,7,7,2,1,1,4,0,0,0,0
11,long,kaotik,1491538363633100739,A,crew,port,7,7,2,1,1,3,0,0,0,0
11,long,kaotik,1491538363633100739,B,crew,port,7,7,1,1,1,2,0,0,0,0
11,long,kaotik,12646627966001930318,A,crew,port,7,7,2,1,1,4,0,0,0,0
11,long,kaotik,12646627966001930318,B,crew,port,6,6,1,1,1,4,0,0,0,0
11,long,kaotik,3067445517246418139,A,hain,scurvy,6,5,1,1,0,2,0,0,0,0
11,long,kaotik,3067445517246418139,B,hain,scurvy,6,5,1,1,0,2,0,0,0,0
11,long,kaotik,15905526097546071578,A,crew,port,8,8,1,1,1,4,0,0,0,0
11,long,kaotik,15905526097546071578,B,crew,port,7,7,1,1,1,2,0,0,0,0
11,long,kaotik,14581304887234571673,A,hain,sunk,7,6,0,1,1,3,0,0,0,0
11,long,kaotik,14581304887234571673,B,hain,sunk,7,6,0,1,1,4,0,0,0,0
11,long,kaotik,16210499792440456230,A,hain,sunk,6,5,0,1,1,4,0,0,0,0
11,long,kaotik,16210499792440456230,B,crew,port,7,7,2,1,1,6,0,0,0,0
11,long,kaotik,167853163965638012,A,hain,sunk,5,4,0,1,1,2,0,0,0,0
11,long,kaotik,167853163965638012,B,hain,sunk,5,4,0,1,1,2,0,0,0,0
12,short,temkinli,8991767198312307335,A,hain,sunk,5,4,0,1,1,2,0,0,0,0
12,short,temkinli,8991767198312307335,B,hain,sunk,5,4,0,1,1,2,0,0,0,0
12,short,temkinli,528356179181625075,A,hain,sunk,5,4,0,1,1,2,0,0,0,0
12,short,temkinli,528356179181625075,B,hain,sunk,6,5,0,1,1,3,0,0,0,0
12,short,temkinli,17190888380081289237,A,hain,sunk,3,2,0,1,1,0,0,0,0,0
12,short,temkinli,17190888380081289237,B,crew,port,5,5,1,1,1,3,0,0,0,0
12,short,temkinli,1833331712790931451,A,hain,sunk,5,4,0,1,1,2,7,0,0,0
12,short,temkinli,1833331712790931451,B,hain,sunk,5,4,0,1,1,2,7,0,0,0
12,short,temkinli,11376408643877106300,A,hain,sunk,4,3,0,1,0,1,0,0,0,0
12,short,temkinli,11376408643877106300,B,hain,sunk,4,3,0,1,0,1,0,0,0,0
12,short,temkinli,2524472846094169099,A,hain,sunk,4,3,0,1,1,2,0,0,0,0
12,short,temkinli,2524472846094169099,B,hain,sunk,4,3,0,1,1,2,0,0,0,0
12,short,temkinli,1506362493814981150,A,crew,port,4,4,1,1,1,1,0,0,0,0
12,short,temkinli,1506362493814981150,B,crew,port,5,5,1,1,1,2,0,0,0,0
12,short,temkinli,3902125168927967691,A,crew,port,5,5,1,1,1,3,0,0,0,0
12,short,temkinli,3902125168927967691,B,crew,port,5,5,1,1,1,3,0,0,0,0
12,short,temkinli,2631029941775426089,A,crew,port,5,5,1,1,1,1,0,0,0,0
12,short,temkinli,2631029941775426089,B,crew,port,4,4,1,1,1,1,0,0,0,0
12,short,temkinli,6241160994130353157,A,crew,port,5,5,1,1,1,1,0,0,0,0
12,short,temkinli,6241160994130353157,B,crew,port,5,5,1,1,1,1,0,0,0,0
12,short,temkinli,14240158204426374255,A,crew,port,6,6,1,1,1,2,0,0,0,0
12,short,temkinli,14240158204426374255,B,hain,sunk,4,3,0,1,0,1,0,0,0,0
12,short,temkinli,4488321871884221454,A,crew,port,5,5,1,1,1,2,0,0,0,0
12,short,temkinli,4488321871884221454,B,crew,port,5,5,1,1,1,2,0,0,0,0
12,short,temkinli,15941455133233893621,A,crew,port,5,5,2,1,1,3,0,0,0,0
12,short,temkinli,15941455133233893621,B,crew,port,5,5,2,1,1,3,0,0,0,0
12,short,temkinli,8835739206837257012,A,crew,port,4,4,1,1,1,2,0,0,0,0
12,short,temkinli,8835739206837257012,B,hain,sunk,3,2,0,1,1,1,0,0,0,0
12,short,temkinli,5175305056360008401,A,hain,sunk,4,3,0,1,0,0,0,0,0,0
12,short,temkinli,5175305056360008401,B,crew,port,4,4,2,1,1,2,0,0,0,0
12,short,temkinli,7923602556118915324,A,crew,port,5,5,1,1,1,1,0,0,0,0
12,short,temkinli,7923602556118915324,B,hain,scurvy,5,4,1,1,0,3,0,0,0,0
12,short,temkinli,8750904785246539016,A,crew,port,5,5,1,1,1,2,0,0,0,0
12,short,temkinli,8750904785246539016,B,crew,port,5,5,1,1,1,2,0,0,0,0
12,short,temkinli,17673525258417195134,A,crew,port,5,5,2,1,1,2,0,0,0,0
12,short,temkinli,17673525258417195134,B,crew,port,5,5,2,1,1,2,0,0,0,0
12,short,temkinli,12310964423216357226,A,crew,port,6,6,2,1,1,2,0,0,0,0
12,short,temkinli,12310964423216357226,B,crew,port,5,5,2,1,1,2,0,0,0,0
12,short,temkinli,1468850296927309525,A,crew,port,5,5,2,1,1,2,0,0,0,0
12,short,temkinli,1468850296927309525,B,crew,port,5,5,2,1,1,2,0,0,0,0
12,short,dengeli,6440842449973855457,A,hain,sunk,4,3,0,1,1,2,0,0,0,0
12,short,dengeli,6440842449973855457,B,hain,sunk,4,3,0,1,1,2,0,0,0,0
12,short,dengeli,14008425128529739,A,crew,port,4,4,2,1,1,3,0,0,0,0
12,short,dengeli,14008425128529739,B,crew,port,4,4,2,1,1,3,0,0,0,0
12,short,dengeli,13040690235417340684,A,hain,sunk,2,1,0,1,0,0,0,0,0,0
12,short,dengeli,13040690235417340684,B,hain,sunk,2,1,0,1,0,0,0,0,0,0
12,short,dengeli,18367865739854964784,A,crew,port,5,5,1,0,0,1,0,0,0,0
12,short,dengeli,18367865739854964784,B,crew,port,5,5,1,0,0,1,0,0,0,0
12,short,dengeli,6787431346682280634,A,hain,sunk,3,2,0,1,0,0,0,0,0,0
12,short,dengeli,6787431346682280634,B,hain,sunk,3,2,0,1,0,0,0,0,0,0
12,short,dengeli,18160716373674889928,A,crew,port,5,5,2,1,1,2,0,0,0,0
12,short,dengeli,18160716373674889928,B,crew,port,4,4,2,1,1,2,0,0,0,0
12,short,dengeli,9935957545496027562,A,crew,port,4,4,2,1,1,3,0,0,0,0
12,short,dengeli,9935957545496027562,B,crew,port,5,5,2,1,1,2,0,0,0,0
12,short,dengeli,5727983720379203583,A,crew,port,5,5,2,1,1,4,7,0,0,0
12,short,dengeli,5727983720379203583,B,crew,port,5,5,2,1,1,4,7,0,0,0
12,short,dengeli,8126544626617111046,A,crew,port,4,4,2,1,1,2,0,0,0,0
12,short,dengeli,8126544626617111046,B,crew,port,4,4,2,1,1,1,0,0,0,0
12,short,dengeli,11023427511182888011,A,crew,port,5,5,2,1,1,3,0,0,0,0
12,short,dengeli,11023427511182888011,B,crew,port,5,5,2,1,1,3,0,0,0,0
12,short,dengeli,1750152859274318864,A,crew,port,10,10,2,1,1,4,7,0,0,0
12,short,dengeli,1750152859274318864,B,crew,port,10,10,2,1,1,4,7,0,0,0
12,short,dengeli,5180240677616473590,A,crew,port,4,4,1,1,1,2,0,0,0,0
12,short,dengeli,5180240677616473590,B,crew,port,4,4,1,1,1,2,0,0,0,0
12,short,dengeli,16172406587189885759,A,hain,sunk,3,2,0,1,0,0,0,0,0,0
12,short,dengeli,16172406587189885759,B,hain,sunk,3,2,0,1,0,0,0,0,0,0
12,short,dengeli,9861961158285649837,A,hain,sunk,6,5,0,1,0,2,0,0,0,0
12,short,dengeli,9861961158285649837,B,hain,sunk,6,5,0,1,0,2,0,0,0,0
12,short,dengeli,2812845381664480081,A,crew,port,5,5,2,1,1,1,0,0,0,0
12,short,dengeli,2812845381664480081,B,crew,port,5,5,2,1,1,1,0,0,0,0
12,short,dengeli,2595969868416121367,A,crew,port,5,5,1,1,1,3,0,0,0,0
12,short,dengeli,2595969868416121367,B,crew,port,5,5,2,1,1,0,0,0,0,0
12,short,dengeli,16779009784600155491,A,crew,port,6,6,2,1,1,2,0,0,0,0
12,short,dengeli,16779009784600155491,B,crew,port,5,5,2,1,1,2,0,0,0,0
12,short,dengeli,8631741790961303407,A,crew,port,5,5,1,1,1,2,0,0,0,0
12,short,dengeli,8631741790961303407,B,crew,port,5,5,1,1,1,1,0,0,0,0
12,short,dengeli,14735685205046818772,A,crew,port,5,5,1,1,1,2,0,0,0,0
12,short,dengeli,14735685205046818772,B,crew,port,5,5,1,1,1,2,0,0,0,0
12,short,dengeli,3140273725593498712,A,hain,sunk,3,2,0,1,0,1,0,0,0,0
12,short,dengeli,3140273725593498712,B,hain,sunk,7,6,0,1,0,4,0,0,0,0
12,short,kaotik,3930954704877590744,A,hain,scurvy,5,4,2,1,0,2,0,0,0,0
12,short,kaotik,3930954704877590744,B,hain,scurvy,5,4,1,1,0,3,0,0,0,0
12,short,kaotik,9245291903893531408,A,crew,port,5,5,1,1,1,2,0,0,0,0
12,short,kaotik,9245291903893531408,B,crew,port,5,5,1,1,1,2,0,0,0,0
12,short,kaotik,4613522817234216286,A,crew,port,5,5,1,1,1,1,0,0,0,0
12,short,kaotik,4613522817234216286,B,crew,port,5,5,1,1,1,1,0,0,0,0
12,short,kaotik,15621928311871070294,A,crew,port,6,6,2,1,1,4,0,0,0,0
12,short,kaotik,15621928311871070294,B,crew,port,5,5,2,1,1,1,0,0,0,0
12,short,kaotik,2025411953299035158,A,crew,port,4,4,1,0,0,1,0,0,0,0
12,short,kaotik,2025411953299035158,B,crew,port,5,5,1,0,0,2,0,0,0,0
12,short,kaotik,16952503261092033166,A,hain,sunk,4,3,0,1,1,0,0,0,0,0
12,short,kaotik,16952503261092033166,B,hain,sunk,4,3,0,1,1,0,0,0,0,0
12,short,kaotik,1114067731308903181,A,crew,port,5,5,1,1,1,3,0,0,0,0
12,short,kaotik,1114067731308903181,B,crew,port,5,5,1,1,1,3,0,0,0,0
12,short,kaotik,7134743245074176212,A,crew,port,5,5,2,1,1,2,0,0,0,0
12,short,kaotik,7134743245074176212,B,crew,port,5,5,2,1,1,2,0,0,0,0
12,short,kaotik,10215776465487597537,A,crew,port,5,5,1,1,1,1,0,0,0,0
12,short,kaotik,10215776465487597537,B,crew,port,5,5,2,1,1,3,0,0,0,0
12,short,kaotik,5784657337680951812,A,hain,sunk,2,1,0,1,0,0,0,0,0,0
12,short,kaotik,5784657337680951812,B,hain,sunk,2,1,0,1,0,0,0,0,0,0
12,short,kaotik,2286334154141997034,A,crew,port,4,4,2,1,1,1,0,0,0,0
12,short,kaotik,2286334154141997034,B,crew,port,4,4,2,1,1,1,0,0,0,0
12,short,kaotik,4068291722436678090,A,crew,port,4,4,1,1,1,0,0,0,0,0
12,short,kaotik,4068291722436678090,B,crew,port,4,4,1,1,1,0,0,0,0,0
12,short,kaotik,859346785257325855,A,crew,port,5,5,2,1,1,3,0,0,0,0
12,short,kaotik,859346785257325855,B,crew,port,5,5,2,1,1,3,0,0,0,0
12,short,kaotik,4395075115358581648,A,hain,scurvy,5,4,1,1,0,0,0,0,0,0
12,short,kaotik,4395075115358581648,B,hain,scurvy,5,4,1,1,0,0,0,0,0,0
12,short,kaotik,3475668094879602769,A,crew,port,5,5,1,1,1,2,0,0,0,0
12,short,kaotik,3475668094879602769,B,crew,port,5,5,1,1,1,2,0,0,0,0
12,short,kaotik,5937154662834168443,A,crew,port,5,5,2,1,1,2,0,0,0,0
12,short,kaotik,5937154662834168443,B,crew,port,5,5,2,1,1,2,0,0,0,0
12,short,kaotik,6389275508721605275,A,crew,port,4,4,1,1,1,1,0,0,0,0
12,short,kaotik,6389275508721605275,B,crew,port,4,4,1,1,1,0,0,0,0,0
12,short,kaotik,14768364975739281955,A,crew,port,3,3,1,1,1,1,0,0,0,0
12,short,kaotik,14768364975739281955,B,crew,port,3,3,1,1,1,1,0,0,0,0
12,short,kaotik,1840870920499207223,A,hain,sunk,5,4,0,1,0,1,0,0,0,0
12,short,kaotik,1840870920499207223,B,hain,sunk,5,4,0,1,1,1,0,0,0,0
12,short,kaotik,17045728284770471586,A,crew,port,5,5,1,1,1,2,0,0,0,0
12,short,kaotik,17045728284770471586,B,crew,port,5,5,1,1,1,1,0,0,0,0
12,normal,temkinli,6891782351848783849,A,crew,port,6,6,2,1,1,2,0,0,0,0
12,normal,temkinli,6891782351848783849,B,crew,port,6,6,2,1,1,2,0,0,0,0
12,normal,temkinli,4733112410025165875,A,hain,sunk,7,6,0,1,1,3,0,0,0,0
12,normal,temkinli,4733112410025165875,B,hain,sunk,7,6,0,1,1,2,0,0,0,0
12,normal,temkinli,9403464621133983276,A,crew,port,6,6,1,1,1,3,0,0,0,0
12,normal,temkinli,9403464621133983276,B,crew,port,6,6,1,1,1,2,0,0,0,0
12,normal,temkinli,6036641760115777660,A,hain,scurvy,7,6,1,1,0,5,0,0,0,0
12,normal,temkinli,6036641760115777660,B,hain,scurvy,7,6,1,1,0,5,0,0,0,0
12,normal,temkinli,1239531430170142918,A,hain,sunk,5,4,0,1,1,1,0,0,0,0
12,normal,temkinli,1239531430170142918,B,hain,sunk,5,4,0,1,1,1,0,0,0,0
12,normal,temkinli,12850981147830885564,A,hain,sunk,3,2,0,0,0,1,0,0,0,0
12,normal,temkinli,12850981147830885564,B,crew,port,6,6,1,0,0,4,0,0,0,0
12,normal,temkinli,9268609499181788815,A,crew,port,6,6,2,1,1,5,0,0,0,0
12,normal,temkinli,9268609499181788815,B,crew,port,6,6,1,1,1,3,0,0,0,0
12,normal,temkinli,16391200080097869459,A,crew,port,5,5,1,0,0,1,0,0,0,0
12,normal,temkinli,16391200080097869459,B,crew,port,5,5,2,0,0,2,0,0,0,0
12,normal,temkinli,6231161682974893935,A,crew,port,6,6,2,1,1,4,0,0,0,0
12,normal,temkinli,6231161682974893935,B,crew,port,7,7,2,1,1,4,0,0,0,0
12,normal,temkinli,14143806243360388395,A,crew,port,6,6,1,1,1,4,0,0,0,0
12,normal,temkinli,14143806243360388395,B,crew,port,6,6,1,1,1,4,0,0,0,0
12,normal,temkinli,1249693385255684447,A,crew,port,6,6,1,1,1,1,0,0,0,0
12,normal,temkinli,1249693385255684447,B,crew,port,6,6,1,1,1,2,0,0,0,0
12,normal,temkinli,1896914995562825316,A,hain,sunk,4,3,0,1,1,0,0,0,0,0
12,normal,temkinli,1896914995562825316,B,hain,sunk,9,8,0,1,1,3,0,0,0,0
12,normal,temkinli,4565493272880760088,A,crew,port,6,6,1,1,1,4,0,0,0,0
12,normal,temkinli,4565493272880760088,B,hain,sunk,4,3,0,1,1,1,0,0,0,0
12,normal,temkinli,3960499964501384752,A,hain,sunk,6,5,0,1,1,0,0,0,0,0
12,normal,temkinli,3960499964501384752,B,hain,sunk,6,5,0,1,1,0,0,0,0,0
12,normal,temkinli,15045286667874409289,A,crew,port,7,7,2,1,1,2,0,0,0,0
12,normal,temkinli,15045286667874409289,B,crew,port,6,6,2,1,1,2,0,0,0,0
12,normal,temkinli,7253613598483253731,A,hain,sunk,4,3,0,1,1,2,0,0,0,0
12,normal,temkinli,7253613598483253731,B,hain,scurvy,6,5,1,1,0,1,0,0,0,0
12,normal,temkinli,7162176231196392103,A,hain,scurvy,6,5,1,1,0,2,0,0,0,0
12,normal,temkinli,7162176231196392103,B,hain,sunk,6,5,0,1,0,2,0,0,0,0
12,normal,temkinli,11091504543058271442,A,crew,port,6,6,1,1,1,2,0,0,0,0
12,normal,temkinli,11091504543058271442,B,crew,port,6,6,1,1,1,3,0,0,0,0
12,normal,temkinli,9361284790312686805,A,hain,scurvy,6,5,2,1,0,3,0,0,0,0
12,normal,temkinli,9361284790312686805,B,hain,scurvy,6,5,1,1,0,4,0,0,0,0
12,normal,temkinli,7110122280831347125,A,crew,port,9,9,1,1,1,5,0,0,0,0
12,normal,temkinli,7110122280831347125,B,crew,port,6,6,1,1,1,1,0,0,0,0
12,normal,dengeli,514603973097865473,A,hain,sunk,6,5,0,1,1,1,0,0,0,0
12,normal,dengeli,514603973097865473,B,hain,sunk,6,5,0,1,1,1,0,0,0,0
12,normal,dengeli,6428329614638024163,A,hain,sunk,4,3,0,1,1,1,0,0,0,0
12,normal,dengeli,6428329614638024163,B,hain,sunk,4,3,0,1,1,1,0,0,0,0
12,normal,dengeli,8621051787450227607,A,hain,sunk,5,4,0,1,1,2,0,0,0,0
12,normal,dengeli,8621051787450227607,B,hain,sunk,5,4,0,1,1,2,0,0,0,0
12,normal,dengeli,8444051503249347301,A,hain,sunk,3,2,0,1,1,0,0,0,0,0
12,normal,dengeli,8444051503249347301,B,hain,sunk,3,2,0,1,1,0,0,0,0,0
12,normal,dengeli,14828433043476195533,A,crew,port,6,6,2,1,1,1,0,0,0,0
12,normal,dengeli,14828433043476195533,B,crew,port,6,6,2,1,1,3,0,0,0,0
12,normal,dengeli,13229995159760285182,A,hain,sunk,3,2,0,1,0,0,0,0,0,0
12,normal,dengeli,13229995159760285182,B,hain,sunk,3,2,0,1,0,0,0,0,0,0
12,normal,dengeli,14288701065397427539,A,hain,sunk,6,5,0,1,1,3,0,0,0,0
12,normal,dengeli,14288701065397427539,B,hain,sunk,6,5,0,1,1,3,0,0,0,0
12,normal,dengeli,1404751437866293500,A,crew,port,6,6,2,1,1,3,0,0,0,0
12,normal,dengeli,1404751437866293500,B,crew,port,6,6,2,1,1,3,0,0,0,0
12,normal,dengeli,1695229308793001325,A,hain,sunk,5,4,0,1,0,2,0,0,0,0
12,normal,dengeli,1695229308793001325,B,hain,sunk,5,4,0,1,0,2,0,0,0,0
12,normal,dengeli,6178494345465090649,A,crew,port,5,5,2,1,1,2,0,0,0,0
12,normal,dengeli,6178494345465090649,B,crew,port,5,5,2,1,1,2,0,0,0,0
12,normal,dengeli,14527836035602001396,A,crew,port,6,6,1,1,1,4,0,0,0,1
12,normal,dengeli,14527836035602001396,B,crew,port,6,6,1,1,1,3,0,0,0,1
12,normal,dengeli,4264471753248887628,A,crew,port,6,6,1,1,1,2,0,0,0,0
12,normal,dengeli,4264471753248887628,B,crew,port,6,6,1,1,1,2,0,0,0,0
12,normal,dengeli,9006431232721890163,A,hain,sunk,5,4,0,1,1,2,0,0,0,1
12,normal,dengeli,9006431232721890163,B,crew,port,7,7,1,1,1,3,0,0,0,0
12,normal,dengeli,6028276496704454843,A,hain,sunk,4,3,0,1,0,0,0,0,0,0
12,normal,dengeli,6028276496704454843,B,hain,scurvy,6,5,1,1,0,2,0,0,0,0
12,normal,dengeli,538022854051337677,A,crew,port,6,6,2,1,1,2,0,0,0,0
12,normal,dengeli,538022854051337677,B,crew,port,6,6,2,1,1,2,0,0,0,0
12,normal,dengeli,7663442200430878965,A,hain,sunk,6,5,0,1,1,3,0,0,0,0
12,normal,dengeli,7663442200430878965,B,hain,sunk,6,5,0,1,1,1,0,0,0,0
12,normal,dengeli,12659730722114028141,A,hain,sunk,3,2,0,1,1,1,0,0,0,0
12,normal,dengeli,12659730722114028141,B,hain,sunk,3,2,0,1,1,1,0,0,0,0
12,normal,dengeli,7043170416430078123,A,crew,port,5,5,1,1,1,1,0,0,0,0
12,normal,dengeli,7043170416430078123,B,crew,port,6,6,1,1,1,4,0,0,0,0
12,normal,dengeli,400358742653742999,A,crew,port,5,5,1,1,1,0,0,0,0,0
12,normal,dengeli,400358742653742999,B,crew,port,7,7,2,1,1,4,0,0,0,0
12,normal,dengeli,17028844187519012269,A,crew,port,6,6,2,1,1,4,0,0,0,0
12,normal,dengeli,17028844187519012269,B,crew,port,6,6,2,1,1,4,0,0,0,0
12,normal,kaotik,4509209569868739606,A,crew,port,7,7,1,1,1,2,0,0,0,0
12,normal,kaotik,4509209569868739606,B,hain,sunk,4,3,0,1,1,0,0,0,0,0
12,normal,kaotik,7696260012599847780,A,crew,port,6,6,2,1,1,3,0,0,0,0
12,normal,kaotik,7696260012599847780,B,crew,port,6,6,2,1,1,3,0,0,0,0
12,normal,kaotik,15998804083784414062,A,crew,port,6,6,2,1,1,5,0,0,0,0
12,normal,kaotik,15998804083784414062,B,crew,port,6,6,2,1,1,4,0,0,0,0
12,normal,kaotik,15433546815355243206,A,crew,port,6,6,2,1,1,3,0,0,0,0
12,normal,kaotik,15433546815355243206,B,crew,port,5,5,2,1,1,2,0,0,0,0
12,normal,kaotik,612810430653459429,A,crew,port,5,5,2,1,1,2,0,0,0,0
12,normal,kaotik,612810430653459429,B,crew,port,5,5,2,1,1,2,0,0,0,0
12,normal,kaotik,10213711662985559841,A,crew,port,7,7,2,1,1,3,7,0,0,0
12,normal,kaotik,10213711662985559841,B,crew,port,7,7,2,1,1,3,7,0,0,0
12,normal,kaotik,9189337487806480840,A,crew,port,6,6,1,1,1,5,0,0,0,0
12,normal,kaotik,9189337487806480840,B,crew,port,6,6,1,1,1,5,0,0,0,0
12,normal,kaotik,6567306527591916751,A,crew,port,6,6,1,1,1,4,0,0,0,0
12,normal,kaotik,6567306527591916751,B,crew,port,6,6,1,1,1,4,0,0,0,0
12,normal,kaotik,17950212449954502835,A,crew,port,7,7,2,1,1,1,0,0,0,0
12,normal,kaotik,17950212449954502835,B,crew,port,8,8,2,1,1,5,0,0,0,0
12,normal,kaotik,7963259421530958489,A,crew,port,7,7,2,1,1,4,0,0,0,0
12,normal,kaotik,7963259421530958489,B,crew,port,7,7,2,1,1,4,0,0,0,0
12,normal,kaotik,6842723927006169899,A,crew,port,6,6,1,1,1,2,0,0,0,0
12,normal,kaotik,6842723927006169899,B,crew,port,6,6,2,1,1,3,0,0,0,0
12,normal,kaotik,7170743453188590073,A,crew,port,6,6,1,1,1,3,0,0,0,0
12,normal,kaotik,7170743453188590073,B,crew,port,5,5,1,1,1,1,0,0,0,0
12,normal,kaotik,13221030707971834864,A,crew,port,5,5,2,1,1,2,0,0,0,0
12,normal,kaotik,13221030707971834864,B,crew,port,5,5,2,1,1,2,0,0,0,0
12,normal,kaotik,11582910180717063667,A,crew,port,6,6,2,1,1,4,0,0,0,0
12,normal,kaotik,11582910180717063667,B,crew,port,6,6,2,1,1,3,0,0,0,0
12,normal,kaotik,15960113176820117686,A,crew,port,6,6,1,1,1,2,0,0,0,0
12,normal,kaotik,15960113176820117686,B,crew,port,5,5,1,1,1,2,0,0,0,0
12,normal,kaotik,17880073192341406986,A,crew,port,6,6,2,1,1,5,0,0,0,0
12,normal,kaotik,17880073192341406986,B,crew,port,6,6,2,1,1,4,0,0,0,0
12,normal,kaotik,17767358339107838361,A,crew,port,6,6,1,1,1,2,0,0,0,0
12,normal,kaotik,17767358339107838361,B,hain,sunk,5,4,0,1,1,0,0,0,0,0
12,normal,kaotik,5651511056572261977,A,hain,scurvy,6,5,2,1,0,1,0,0,0,0
12,normal,kaotik,5651511056572261977,B,hain,scurvy,6,5,2,1,0,1,0,0,0,0
12,normal,kaotik,13454947072457945616,A,crew,port,5,5,2,1,1,1,0,0,0,0
12,normal,kaotik,13454947072457945616,B,crew,port,6,6,2,1,1,3,0,0,0,0
12,normal,kaotik,6850862746698805043,A,crew,port,6,6,2,1,1,3,0,0,0,0
12,normal,kaotik,6850862746698805043,B,crew,port,6,6,2,1,1,3,0,0,0,0
12,long,temkinli,15906999148772455482,A,hain,scurvy,7,6,1,1,0,3,0,0,0,0
12,long,temkinli,15906999148772455482,B,crew,port,7,7,2,1,1,3,0,0,0,0
12,long,temkinli,2385798146704301925,A,hain,sunk,6,5,0,1,1,2,0,0,0,0
12,long,temkinli,2385798146704301925,B,hain,sunk,6,5,0,1,1,2,0,0,0,0
12,long,temkinli,2703659947222454783,A,hain,scurvy,7,6,1,1,0,2,0,0,0,0
12,long,temkinli,2703659947222454783,B,hain,scurvy,7,6,1,1,0,2,0,0,0,0
12,long,temkinli,10100742761473913569,A,crew,port,7,7,1,1,1,4,0,0,0,0
12,long,temkinli,10100742761473913569,B,hain,sunk,7,6,0,1,1,4,0,0,0,0
12,long,temkinli,17322094912788549382,A,crew,port,6,6,2,1,1,3,0,0,0,0
12,long,temkinli,17322094912788549382,B,crew,port,6,6,2,1,1,3,0,0,0,0
12,long,temkinli,3360993628198609899,A,hain,sunk,6,5,0,1,1,2,0,0,0,0
12,long,temkinli,3360993628198609899,B,crew,port,7,7,2,1,1,2,0,0,0,0
12,long,temkinli,10992768544086148789,A,crew,port,7,7,1,1,1,4,0,0,0,0
12,long,temkinli,10992768544086148789,B,crew,port,7,7,2,1,1,3,0,0,0,0
12,long,temkinli,2275882919050033812,A,crew,port,7,7,2,1,1,5,0,0,0,0
12,long,temkinli,2275882919050033812,B,crew,port,8,8,2,1,1,7,0,0,0,0
12,long,temkinli,9348089856637784305,A,hain,sunk,6,5,0,1,1,3,0,0,0,0
12,long,temkinli,9348089856637784305,B,hain,sunk,7,6,0,1,1,3,0,0,0,0
12,long,temkinli,14834348261628183778,A,crew,port,6,6,2,1,1,2,7,0,0,0
12,long,temkinli,14834348261628183778,B,hain,sunk,4,3,0,1,1,0,0,0,0,0
12,long,temkinli,6226167228172654510,A,crew,port,6,6,2,1,1,1,0,0,0,0
12,long,temkinli,6226167228172654510,B,crew,port,5,5,2,1,1,3,0,0,0,0
12,long,temkinli,8171585741574174835,A,hain,sunk,7,6,0,1,0,4,0,0,0,0
12,long,temkinli,8171585741574174835,B,hain,sunk,5,4,0,1,0,0,0,0,0,0
12,long,temkinli,17077872694290609949,A,crew,port,7,7,1,1,1,1,0,0,0,0
12,long,temkinli,17077872694290609949,B,crew,port,7,7,1,1,1,2,0,0,0,0
12,long,temkinli,3670999550582989629,A,hain,scurvy,6,5,2,1,0,2,0,0,0,0
12,long,temkinli,3670999550582989629,B,hain,scurvy,7,6,2,1,0,2,0,0,0,0
12,long,temkinli,15788924555963788914,A,hain,sunk,5,4,0,1,0,1,0,0,0,0
12,long,temkinli,15788924555963788914,B,hain,sunk,5,4,0,1,0,1,0,0,0,0
12,long,temkinli,882878871594315811,A,crew,port,7,7,1,1,1,1,0,0,0,0
12,long,temkinli,882878871594315811,B,hain,sunk,2,1,0,1,0,0,0,0,0,0
12,long,temkinli,4595120537794942908,A,crew,port,7,7,2,1,1,3,0,0,0,0
12,long,temkinli,4595120537794942908,B,crew,port,6,6,1,1,1,1,0,0,0,0
12,long,temkinli,6852915939465720921,A,crew,port,7,7,2,1,1,2,0,0,0,0
12,long,temkinli,6852915939465720921,B,crew,port,7,7,2,1,1,2,0,0,0,0
12,long,temkinli,923969040427979596,A,crew,port,8,8,2,0,0,4,0,0,0,0
12,long,temkinli,923969040427979596,B,crew,port,8,8,1,0,0,2,0,0,0,0
12,long,temkinli,18395569258817030053,A,hain,sunk,6,5,0,1,1,1,0,0,0,1
12,long,temkinli,18395569258817030053,B,crew,port,7,7,1,1,1,4,0,0,0,0
12,long,dengeli,6951575695045710319,A,hain,sunk,7,6,0,1,1,1,0,0,0,0
12,long,dengeli,6951575695045710319,B,hain,sunk,7,6,0,1,1,1,0,0,0,0
12,long,dengeli,7213810859339956051,A,crew,port,7,7,2,1,1,5,0,0,0,0
12,long,dengeli,7213810859339956051,B,crew,port,7,7,2,1,1,5,0,0,0,0
12,long,dengeli,1991260867906853481,A,crew,port,7,7,2,1,1,5,0,0,0,0
12,long,dengeli,1991260867906853481,B,hain,sunk,7,6,0,1,1,2,0,0,0,0
12,long,dengeli,6970058178066602030,A,hain,sunk,6,5,0,1,1,2,0,0,0,0
12,long,dengeli,6970058178066602030,B,hain,sunk,6,5,0,1,1,2,0,0,0,0
12,long,dengeli,16606068372341209623,A,hain,sunk,6,5,0,1,1,2,0,0,0,0
12,long,dengeli,16606068372341209623,B,hain,sunk,6,5,0,1,0,2,0,0,0,0
12,long,dengeli,2448554330214653498,A,hain,sunk,5,4,0,1,0,0,0,0,0,0
12,long,dengeli,2448554330214653498,B,hain,sunk,5,4,0,1,0,0,0,0,0,0
12,long,dengeli,244848986171324555,A,hain,sunk,7,6,0,1,1,1,0,0,0,0
12,long,dengeli,244848986171324555,B,hain,sunk,7,6,0,1,1,1,0,0,0,0
12,long,dengeli,3227114891893309171,A,crew,port,7,7,1,1,1,3,0,0,0,0
12,long,dengeli,3227114891893309171,B,crew,port,7,7,1,1,1,3,0,0,0,0
12,long,dengeli,11012064453896459572,A,crew,port,7,7,2,1,1,3,0,0,0,0
12,long,dengeli,11012064453896459572,B,crew,port,7,7,2,1,1,4,0,0,0,0
12,long,dengeli,1153714812665938835,A,crew,port,7,7,1,1,1,4,0,0,0,0
12,long,dengeli,1153714812665938835,B,crew,port,8,8,1,1,1,6,0,0,0,0
12,long,dengeli,10200569941673649102,A,crew,port,7,7,1,1,1,2,0,0,0,0
12,long,dengeli,10200569941673649102,B,crew,port,7,7,1,1,1,5,0,0,0,0
12,long,dengeli,14064829203932601962,A,hain,scurvy,6,5,1,1,0,2,0,0,0,0
12,long,dengeli,14064829203932601962,B,hain,sunk,3,2,0,1,1,1,0,0,0,0
12,long,dengeli,11410547367252078930,A,crew,port,9,9,2,1,1,3,0,0,0,0
12,long,dengeli,11410547367252078930,B,crew,port,9,9,2,1,1,3,0,0,0,0
12,long,dengeli,10456516851024374290,A,crew,port,7,7,2,0,0,4,0,0,0,0
12,long,dengeli,10456516851024374290,B,crew,port,7,7,2,0,0,2,0,0,0,0
12,long,dengeli,8814965199430503119,A,hain,sunk,5,4,0,1,1,2,0,0,0,0
12,long,dengeli,8814965199430503119,B,hain,sunk,5,4,0,1,1,2,0,0,0,0
12,long,dengeli,12701367270777144821,A,hain,sunk,5,4,0,1,1,0,0,0,0,0
12,long,dengeli,12701367270777144821,B,hain,sunk,4,3,0,1,1,0,0,0,0,0
12,long,dengeli,12522936592258596100,A,crew,port,8,8,1,1,1,3,0,0,0,0
12,long,dengeli,12522936592258596100,B,hain,sunk,5,4,0,1,1,2,0,0,0,0
12,long,dengeli,9422116854017113719,A,crew,port,7,7,2,1,1,2,7,0,0,0
12,long,dengeli,9422116854017113719,B,crew,port,7,7,1,1,1,4,0,0,0,0
12,long,dengeli,14835529480284728877,A,hain,sunk,4,3,0,1,1,2,0,0,0,0
12,long,dengeli,14835529480284728877,B,hain,sunk,6,5,0,1,1,1,0,0,0,0
12,long,dengeli,2512760101793201623,A,crew,port,7,7,1,1,1,4,0,0,0,0
12,long,dengeli,2512760101793201623,B,crew,port,7,7,1,1,1,4,0,0,0,0
12,long,kaotik,10562619914511659289,A,hain,sunk,7,6,0,1,1,1,0,0,0,0
12,long,kaotik,10562619914511659289,B,hain,sunk,7,6,0,1,1,1,0,0,0,0
12,long,kaotik,7208027118594818357,A,hain,sunk,6,5,0,1,1,1,0,0,0,0
12,long,kaotik,7208027118594818357,B,hain,sunk,6,5,0,1,1,1,0,0,0,0
12,long,kaotik,15751894425870411167,A,crew,port,6,6,2,1,1,1,7,0,0,0
12,long,kaotik,15751894425870411167,B,crew,port,6,6,2,1,1,1,7,0,0,0
12,long,kaotik,5257925447649416018,A,crew,port,6,6,1,1,1,4,0,0,0,0
12,long,kaotik,5257925447649416018,B,crew,port,8,8,2,1,1,4,0,0,0,0
12,long,kaotik,10334458996874041806,A,crew,port,6,6,2,1,1,5,0,0,0,0
12,long,kaotik,10334458996874041806,B,crew,port,6,6,2,1,1,3,0,0,0,0
12,long,kaotik,5955947958721253335,A,crew,port,9,9,2,1,1,6,0,0,0,0
12,long,kaotik,5955947958721253335,B,crew,port,9,9,2,1,1,6,0,0,0,0
12,long,kaotik,15303452766910391582,A,crew,port,7,7,2,1,1,4,0,0,0,0
12,long,kaotik,15303452766910391582,B,crew,port,8,8,2,1,1,4,0,0,0,0
12,long,kaotik,8330813074814283614,A,crew,port,8,8,1,1,1,1,0,0,0,0
12,long,kaotik,8330813074814283614,B,crew,port,8,8,1,1,1,0,0,0,0,0
12,long,kaotik,5564222264636459428,A,crew,port,8,8,2,1,1,2,0,0,0,0
12,long,kaotik,5564222264636459428,B,crew,port,7,7,2,1,1,3,0,0,0,0
12,long,kaotik,5375176303082500228,A,crew,port,6,6,2,1,1,3,0,0,0,0
12,long,kaotik,5375176303082500228,B,crew,port,6,6,2,1,1,3,0,0,0,0
12,long,kaotik,7670373749460614675,A,crew,port,7,7,2,1,1,4,0,0,0,0
12,long,kaotik,7670373749460614675,B,crew,port,7,7,1,1,1,3,0,0,0,0
12,long,kaotik,8089097643615371714,A,crew,port,8,8,2,1,1,4,0,0,0,0
12,long,kaotik,8089097643615371714,B,crew,port,7,7,1,1,1,4,0,0,0,0
12,long,kaotik,8189496857016110,A,crew,port,7,7,2,1,1,3,0,0,0,0
12,long,kaotik,8189496857016110,B,crew,port,7,7,2,1,1,2,0,0,0,0
12,long,kaotik,12907371380987805783,A,hain,sunk,7,6,0,1,1,2,0,0,0,0
12,long,kaotik,12907371380987805783,B,hain,sunk,7,6,0,1,0,2,0,0,0,0
12,long,kaotik,7187166308999823315,A,hain,sunk,6,5,0,1,1,1,0,0,0,0
12,long,kaotik,7187166308999823315,B,hain,sunk,7,6,0,1,1,1,0,0,0,0
12,long,kaotik,1544224163265341005,A,crew,port,7,7,1,1,1,2,0,0,0,0
12,long,kaotik,1544224163265341005,B,crew,port,10,10,2,1,1,3,0,0,0,0
12,long,kaotik,13069712925570838395,A,crew,port,7,7,1,1,1,5,0,0,0,0
12,long,kaotik,13069712925570838395,B,crew,port,7,7,1,1,1,5,0,0,0,0
12,long,kaotik,15015442046382977822,A,crew,port,6,6,2,1,1,2,0,0,0,0
12,long,kaotik,15015442046382977822,B,crew,port,7,7,2,1,1,4,0,0,0,0
12,long,kaotik,6510669617718380222,A,hain,sunk,7,6,0,1,1,3,0,0,0,0
12,long,kaotik,6510669617718380222,B,hain,sunk,7,6,0,1,1,4,0,0,0,0
12,long,kaotik,7258352534704914189,A,crew,port,7,7,1,0,0,5,0,0,0,0
12,long,kaotik,7258352534704914189,B,hain,sunk,7,6,0,0,0,4,0,0,0,0
13,short,temkinli,5121990105590558031,A,hain,sunk,5,4,0,1,1,2,0,0,0,0
13,short,temkinli,5121990105590558031,B,hain,sunk,5,4,0,1,1,2,0,0,0,0
13,short,temkinli,10133991182220910747,A,hain,sunk,4,3,0,1,1,0,0,0,0,0
13,short,temkinli,10133991182220910747,B,hain,sunk,3,2,0,1,1,1,0,0,0,0
13,short,temkinli,5758015951335483623,A,crew,port,5,5,1,1,1,2,0,0,0,0
13,short,temkinli,5758015951335483623,B,crew,port,5,5,1,1,1,2,0,0,0,0
13,short,temkinli,11637324676829528233,A,hain,sunk,4,3,0,0,0,1,0,0,0,0
13,short,temkinli,11637324676829528233,B,hain,sunk,3,2,0,0,0,1,0,0,0,0
13,short,temkinli,10272875512676751731,A,crew,port,5,5,1,1,1,2,0,0,0,0
13,short,temkinli,10272875512676751731,B,crew,port,5,5,1,1,1,2,0,0,0,0
13,short,temkinli,10706944459516923029,A,crew,port,5,5,1,1,1,2,0,0,0,0
13,short,temkinli,10706944459516923029,B,crew,port,5,5,1,1,1,2,0,0,0,0
13,short,temkinli,8818484252173617063,A,crew,port,5,5,1,1,1,3,0,0,0,0
13,short,temkinli,8818484252173617063,B,crew,port,5,5,1,1,1,3,0,0,0,0
13,short,temkinli,4505361708041802519,A,crew,port,5,5,1,1,1,2,0,0,0,0
13,short,temkinli,4505361708041802519,B,crew,port,5,5,1,1,1,2,0,0,0,0
13,short,temkinli,10198230828006120588,A,hain,sunk,3,2,0,1,1,0,0,0,0,0
13,short,temkinli,10198230828006120588,B,hain,sunk,3,2,0,1,1,0,0,0,0,0
13,short,temkinli,17266695958584064110,A,crew,port,4,4,1,1,1,1,0,0,0,0
13,short,temkinli,17266695958584064110,B,crew,port,4,4,1,1,1,1,0,0,0,0
13,short,temkinli,4802401863114140094,A,crew,port,5,5,1,1,1,1,0,0,0,0
13,short,temkinli,4802401863114140094,B,crew,port,8,8,1,1,1,3,0,0,0,0
13,short,temkinli,11056468192213527290,A,crew,port,4,4,1,1,1,1,0,0,0,0
13,short,temkinli,11056468192213527290,B,crew,port,4,4,1,1,1,1,0,0,0,0
13,short,temkinli,14484325216893100202,A,hain,sunk,3,2,0,1,0,0,0,0,0,0
13,short,temkinli,14484325216893100202,B,hain,sunk,3,2,0,1,0,0,0,0,0,0
13,short,temkinli,1792918129908402981,A,hain,scurvy,10,9,2,1,0,4,0,0,0,0
13,short,temkinli,1792918129908402981,B,hain,scurvy,5,4,2,1,0,3,0,0,0,0
13,short,temkinli,13745975597180064988,A,hain,sunk,3,2,0,1,1,1,0,0,0,0
13,short,temkinli,13745975597180064988,B,crew,port,5,5,1,1,1,2,0,0,0,0
13,short,temkinli,4850326038839773629,A,crew,port,5,5,2,1,1,2,0,0,0,0
13,short,temkinli,4850326038839773629,B,crew,port,5,5,2,1,1,3,0,0,0,0
13,short,temkinli,11011234748147053927,A,hain,sunk,5,4,0,1,1,0,0,0,0,0
13,short,temkinli,11011234748147053927,B,hain,sunk,5,4,0,1,1,0,0,0,0,0
13,short,temkinli,13102798637712505721,A,crew,port,5,5,1,1,1,2,0,0,0,0
13,short,temkinli,13102798637712505721,B,crew,port,6,6,2,1,1,2,0,0,0,0
13,short,temkinli,3163746343086559403,A,crew,port,5,5,2,1,1,2,0,0,0,0
13,short,temkinli,3163746343086559403,B,crew,port,5,5,2,1,1,2,0,0,0,0
13,short,temkinli,1882875784795191209,A,hain,sunk,3,2,0,1,0,0,0,0,0,0
13,short,temkinli,1882875784795191209,B,hain,sunk,3,2,0,1,0,0,0,0,0,0
13,short,dengeli,7109829403162077238,A,crew,port,5,5,1,1,1,2,0,0,0,0
13,short,dengeli,7109829403162077238,B,crew,port,5,5,1,1,1,2,0,0,0,0
13,short,dengeli,3173987096599341492,A,hain,scurvy,5,4,2,1,0,3,0,0,0,0
13,short,dengeli,3173987096599341492,B,hain,scurvy,6,5,1,1,0,3,0,0,0,0
13,short,dengeli,10304356506763501252,A,hain,sunk,5,4,0,1,1,0,0,0,0,0
13,short,dengeli,10304356506763501252,B,hain,sunk,5,4,0,1,1,0,0,0,0,0
13,short,dengeli,11143276428610192654,A,crew,port,6,6,2,1,1,2,0,0,0,0
13,short,dengeli,11143276428610192654,B,crew,port,5,5,1,1,1,1,0,0,0,0
13,short,dengeli,17075428408047614558,A,crew,port,4,4,2,1,1,2,7,0,0,0
13,short,dengeli,17075428408047614558,B,crew,port,5,5,1,1,1,1,0,0,0,0
13,short,dengeli,15745448830529253948,A,crew,port,5,5,1,1,1,2,0,0,0,0
13,short,dengeli,15745448830529253948,B,crew,port,4,4,1,1,1,1,0,0,0,0
13,short,dengeli,15004737501176129135,A,crew,port,5,5,2,1,1,2,0,0,0,0
13,short,dengeli,15004737501176129135,B,crew,port,5,5,2,1,1,2,0,0,0,0
13,short,dengeli,12129789976748979295,A,crew,port,5,5,1,1,1,3,0,0,0,0
13,short,dengeli,12129789976748979295,B,crew,port,5,5,1,1,1,3,0,0,0,0
13,short,dengeli,9407238595677940167,A,crew,port,5,5,2,1,1,1,0,0,0,0
13,short,dengeli,9407238595677940167,B,crew,port,5,5,2,1,1,1,0,0,0,0
13,short,dengeli,14501021999485610741,A,crew,port,4,4,1,1,1,2,0,0,0,0
13,short,dengeli,14501021999485610741,B,crew,port,4,4,1,1,1,2,0,0,0,0
13,short,dengeli,16993040360499103296,A,crew,port,5,5,2,1,1,1,0,0,0,0
13,short,dengeli,16993040360499103296,B,crew,port,5,5,2,1,1,1,0,0,0,0
13,short,dengeli,14041235447720804085,A,crew,port,5,5,1,1,1,3,0,0,0,0
13,short,dengeli,14041235447720804085,B,crew,port,5,5,1,1,1,3,0,0,0,0
13,short,dengeli,18065187016947526965,A,crew,port,5,5,2,1,1,1,0,0,0,0
13,short,dengeli,18065187016947526965,B,crew,port,5,5,2,1,1,1,0,0,0,0
13,short,dengeli,1698391249003316217,A,hain,sunk,5,4,0,0,0,2,0,0,0,0
13,short,dengeli,1698391249003316217,B,hain,sunk,5,4,0,0,0,2,0,0,0,0
13,short,dengeli,11160436823117964988,A,crew,port,5,5,2,1,1,2,0,0,0,0
13,short,dengeli,11160436823117964988,B,crew,port,5,5,2,1,1,2,0,0,0,0
13,short,dengeli,4410740781602193828,A,crew,port,5,5,2,1,1,4,0,0,0,0
13,short,dengeli,4410740781602193828,B,crew,port,5,5,2,1,1,4,0,0,0,0
13,short,dengeli,9623175676388336858,A,hain,sunk,4,3,0,1,0,1,0,0,0,0
13,short,dengeli,9623175676388336858,B,crew,port,6,6,1,1,1,1,0,0,0,0
13,short,dengeli,9374354872400020460,A,hain,sunk,5,4,0,1,1,1,0,0,0,0
13,short,dengeli,9374354872400020460,B,hain,sunk,5,4,0,1,1,1,0,0,0,0
13,short,dengeli,14941909697415059358,A,crew,port,4,4,2,0,0,2,0,0,0,0
13,short,dengeli,14941909697415059358,B,crew,port,4,4,2,0,0,2,0,0,0,0
13,short,dengeli,7903908371277131873,A,hain,scurvy,5,4,1,1,0,1,0,0,0,0
13,short,dengeli,7903908371277131873,B,hain,scurvy,5,4,1,1,0,1,0,0,0,0
13,short,kaotik,16280374712313426481,A,crew,port,5,5,2,1,1,3,0,0,0,0
13,short,kaotik,16280374712313426481,B,crew,port,5,5,2,1,1,3,0,0,0,0
13,short,kaotik,16657858130002650774,A,crew,port,5,5,2,0,0,1,0,0,0,0
13,short,kaotik,16657858130002650774,B,crew,port,5,5,2,0,0,1,0,0,0,0
13,short,kaotik,10821908340779965463,A,crew,port,4,4,2,1,1,2,0,0,0,0
13,short,kaotik,10821908340779965463,B,crew,port,4,4,2,1,1,2,0,0,0,0
13,short,kaotik,12893619934535278004,A,crew,port,5,5,1,1,1,2,0,0,0,0
13,short,kaotik,12893619934535278004,B,crew,port,5,5,1,1,1,3,0,0,0,0
13,short,kaotik,13526868286978367979,A,crew,port,5,5,2,1,1,3,0,0,0,0
13,short,kaotik,13526868286978367979,B,crew,port,5,5,2,1,1,3,0,0,0,0
13,short,kaotik,14087557249679126748,A,crew,port,5,5,2,1,1,1,0,0,0,0
13,short,kaotik,14087557249679126748,B,crew,port,5,5,2,1,1,1,0,0,0,0
13,short,kaotik,1650786516528705767,A,crew,port,6,6,1,1,1,3,0,0,0,0
13,short,kaotik,1650786516528705767,B,crew,port,6,6,1,1,1,3,0,0,0,0
13,short,kaotik,9395805964178513432,A,hain,sunk,5,4,0,1,1,1,0,0,0,0
13,short,kaotik,9395805964178513432,B,hain,sunk,5,4,0,1,1,1,0,0,0,0
13,short,kaotik,4290905411646128157,A,crew,port,5,5,2,1,1,4,0,0,0,0
13,short,kaotik,4290905411646128157,B,crew,port,5,5,2,1,1,4,0,0,0,0
13,short,kaotik,6236607888889238826,A,crew,port,5,5,2,1,1,2,0,0,0,0
13,short,kaotik,6236607888889238826,B,crew,port,5,5,2,1,1,2,0,0,0,0
13,short,kaotik,9259327448041903468,A,crew,port,4,4,1,1,1,2,0,0,0,0
13,short,kaotik,9259327448041903468,B,crew,port,4,4,1,1,1,2,0,0,0,0
13,short,kaotik,7154981072909748967,A,crew,port,5,5,2,1,1,1,0,0,0,0
13,short,kaotik,7154981072909748967,B,crew,port,5,5,2,1,1,1,0,0,0,0
13,short,kaotik,1610749834479573964,A,hain,sunk,6,5,0,1,1,2,0,0,0,0
13,short,kaotik,1610749834479573964,B,hain,sunk,5,4,0,1,1,1,0,0,0,0
13,short,kaotik,12341067163145240365,A,hain,sunk,4,3,0,1,1,0,0,0,0,0
13,short,kaotik,12341067163145240365,B,hain,sunk,4,3,0,1,1,0,0,0,0,0
13,short,kaotik,4048084718509122001,A,crew,port,5,5,2,1,1,2,0,0,0,0
13,short,kaotik,4048084718509122001,B,crew,port,5,5,2,1,1,2,0,0,0,0
13,short,kaotik,17804394993635679658,A,hain,scurvy,5,4,1,1,0,1,0,0,0,0
13,short,kaotik,17804394993635679658,B,hain,scurvy,5,4,1,1,0,1,0,0,0,0
13,short,kaotik,14320987175948935708,A,hain,scurvy,5,4,2,1,0,1,0,0,0,0
13,short,kaotik,14320987175948935708,B,crew,port,4,4,1,1,1,1,0,0,0,0
13,short,kaotik,2316120128417886056,A,crew,port,5,5,1,1,1,3,0,0,0,0
13,short,kaotik,2316120128417886056,B,crew,port,5,5,1,1,1,3,0,0,0,0
13,short,kaotik,7165508379381278492,A,crew,port,5,5,2,1,1,2,0,0,0,0
13,short,kaotik,7165508379381278492,B,crew,port,5,5,2,1,1,2,0,0,0,0
13,short,kaotik,9604744001799842300,A,crew,port,5,5,2,1,1,1,0,0,0,0
13,short,kaotik,9604744001799842300,B,crew,port,5,5,2,1,1,1,0,0,0,0
13,normal,temkinli,8483101731859720276,A,crew,port,5,5,1,1,1,2,0,0,0,0
13,normal,temkinli,8483101731859720276,B,crew,port,5,5,1,1,1,3,0,0,0,0
13,normal,temkinli,6757995598117729869,A,crew,port,6,6,1,1,1,2,0,0,0,0
13,normal,temkinli,6757995598117729869,B,hain,sunk,5,4,0,1,1,0,0,0,0,0
13,normal,temkinli,12751667268268059652,A,hain,sunk,6,5,0,1,1,3,0,0,0,0
13,normal,temkinli,12751667268268059652,B,hain,sunk,6,5,0,1,1,3,0,0,0,0
13,normal,temkinli,13236045343236674763,A,hain,sunk,2,1,0,1,0,0,0,0,0,0
13,normal,temkinli,13236045343236674763,B,hain,sunk,3,2,0,1,0,1,0,0,0,0
13,normal,temkinli,7592103891169822185,A,hain,sunk,4,3,0,1,1,0,0,0,0,0
13,normal,temkinli,7592103891169822185,B,hain,sunk,6,5,0,1,1,1,0,0,0,0
13,normal,temkinli,16292181956237358068,A,crew,port,6,6,1,1,1,3,0,0,0,0
13,normal,temkinli,16292181956237358068,B,crew,port,6,6,1,1,1,3,0,0,0,0
13,normal,temkinli,12361092755669935123,A,crew,port,6,6,2,1,1,3,0,0,0,0
13,normal,temkinli,12361092755669935123,B,crew,port,6,6,2,1,1,3,0,0,0,0
13,normal,temkinli,7220703991250986201,A,crew,port,6,6,2,1,1,2,0,0,0,0
13,normal,temkinli,7220703991250986201,B,crew,port,6,6,2,1,1,2,0,0,0,0
13,normal,temkinli,4613726974998871188,A,crew,port,6,6,1,0,0,0,0,0,0,0
13,normal,temkinli,4613726974998871188,B,crew,port,5,5,1,0,0,2,0,0,0,0
13,normal,temkinli,9941857747536519017,A,hain,sunk,5,4,0,1,1,2,0,0,0,0
13,normal,temkinli,9941857747536519017,B,hain,sunk,6,5,0,1,1,3,0,0,0,0
13,normal,temkinli,2201539907901553091,A,hain,sunk,6,5,0,1,1,1,0,0,0,0
13,normal,temkinli,2201539907901553091,B,hain,sunk,6,5,0,1,1,1,0,0,0,0
13,normal,temkinli,6695441539134647599,A,crew,port,6,6,1,1,1,3,0,0,0,0
13,normal,temkinli,6695441539134647599,B,crew,port,6,6,1,1,1,3,0,0,0,0
13,normal,temkinli,2823748283252149507,A,crew,port,7,7,1,1,1,4,0,0,0,0
13,normal,temkinli,2823748283252149507,B,crew,port,7,7,1,1,1,4,0,0,0,0
13,normal,temkinli,16222553850652987807,A,hain,sunk,4,3,0,1,1,1,0,0,0,0
13,normal,temkinli,16222553850652987807,B,crew,port,6,6,1,1,1,4,0,0,0,0
13,normal,temkinli,2712494160105728205,A,crew,port,6,6,1,1,1,1,0,0,0,0
13,normal,temkinli,2712494160105728205,B,crew,port,6,6,1,1,1,1,0,0,0,0
13,normal,temkinli,7257617381756814094,A,hain,sunk,6,5,0,1,0,2,0,0,0,0
13,normal,temkinli,7257617381756814094,B,hain,sunk,5,4,0,1,0,1,0,0,0,0
13,normal,temkinli,895504980534355069,A,hain,sunk,4,3,0,1,1,2,0,0,0,0
13,normal,temkinli,895504980534355069,B,hain,sunk,5,4,0,1,1,2,0,0,0,0
13,normal,temkinli,8744237783107357797,A,crew,port,6,6,1,1,1,4,0,0,0,0
13,normal,temkinli,8744237783107357797,B,crew,port,7,7,2,1,1,5,0,0,0,0
13,normal,temkinli,6724433648103877247,A,crew,port,6,6,2,1,1,3,0,0,0,0
13,normal,temkinli,6724433648103877247,B,crew,port,6,6,2,1,1,3,0,0,0,0
13,normal,temkinli,15766941034878794501,A,crew,port,6,6,1,1,1,2,0,0,0,0
13,normal,temkinli,15766941034878794501,B,crew,port,6,6,1,1,1,2,0,0,0,0
13,normal,dengeli,13956643263786698371,A,hain,sunk,2,1,0,1,0,0,0,0,0,0
13,normal,dengeli,13956643263786698371,B,crew,port,6,6,2,1,1,2,0,0,0,0
13,normal,dengeli,10559263946625325563,A,crew,port,6,6,2,1,1,2,0,0,0,0
13,normal,dengeli,10559263946625325563,B,crew,port,6,6,2,1,1,2,0,0,0,0
13,normal,dengeli,9795109901485685911,A,hain,sunk,5,4,0,1,1,2,0,0,0,0
13,normal,dengeli,9795109901485685911,B,hain,sunk,5,4,0,1,1,2,0,0,0,0
13,normal,dengeli,12757330552094911160,A,hain,sunk,6,5,0,1,1,1,0,0,0,0
13,normal,dengeli,12757330552094911160,B,crew,port,6,6,1,1,1,2,0,0,0,0
13,normal,dengeli,234549090926649184,A,crew,port,6,6,1,1,1,2,0,0,0,0
13,normal,dengeli,234549090926649184,B,crew,port,6,6,1,1,1,4,0,0,0,0
13,normal,dengeli,2907046742451663450,A,hain,scurvy,6,5,1,1,0,4,0,0,0,0
13,normal,dengeli,2907046742451663450,B,crew,port,6,6,1,1,1,3,0,0,0,0
13,normal,dengeli,7403493750952906641,A,hain,sunk,6,5,0,1,1,4,0,0,0,0
13,normal,dengeli,7403493750952906641,B,hain,sunk,6,5,0,1,1,3,0,0,0,0
13,normal,dengeli,5921827260137691226,A,crew,port,5,5,1,1,1,2,0,0,0,0
13,normal,dengeli,5921827260137691226,B,hain,sunk,5,4,0,1,1,1,0,0,0,0
13,normal,dengeli,4513914321666184344,A,crew,port,6,6,1,1,1,5,0,0,0,0
13,normal,dengeli,4513914321666184344,B,crew,port,6,6,2,1,1,3,0,0,0,0
13,normal,dengeli,12948667777115387580,A,hain,sunk,4,3,0,1,0,1,0,0,0,0
13,normal,dengeli,12948667777115387580,B,hain,scurvy,6,5,2,1,0,3,0,0,0,0
13,normal,dengeli,12155208870409983991,A,crew,port,11,11,1,1,1,5,0,0,0,0
13,normal,dengeli,12155208870409983991,B,crew,port,11,11,1,1,1,5,0,0,0,0
13,normal,dengeli,590810184588180064,A,hain,scurvy,4,3,2,1,0,1,0,0,0,0
13,normal,dengeli,590810184588180064,B,hain,scurvy,4,3,2,1,0,1,0,0,0,0
13,normal,dengeli,16367845143085771013,A,crew,port,6,6,2,1,1,2,0,0,0,0
13,normal,dengeli,16367845143085771013,B,crew,port,5,5,2,1,1,3,0,0,0,0
13,normal,dengeli,17953939898645996053,A,hain,sunk,3,2,0,0,0,1,0,0,0,0
13,normal,dengeli,17953939898645996053,B,hain,sunk,3,2,0,0,0,1,0,0,0,0
13,normal,dengeli,10243001246162249185,A,crew,port,8,8,1,1,1,4,0,0,0,0
13,normal,dengeli,10243001246162249185,B,crew,port,7,7,1,1,1,3,0,0,0,0
13,normal,dengeli,17541243306652555115,A,crew,port,6,6,2,1,1,4,0,0,0,0
13,normal,dengeli,17541243306652555115,B,crew,port,5,5,2,1,1,1,0,0,0,0
13,normal,dengeli,15569021653978567283,A,crew,port,6,6,2,1,1,3,0,0,0,0
13,normal,dengeli,15569021653978567283,B,crew,port,5,5,2,1,1,3,0,0,0,0
13,normal,dengeli,13289703629977430786,A,hain,sunk,6,5,0,1,1,3,0,0,0,0
13,normal,dengeli,13289703629977430786,B,crew,port,6,6,1,1,1,3,0,0,0,0
13,normal,dengeli,5392058448472134795,A,hain,sunk,2,1,0,1,0,0,0,0,0,0
13,normal,dengeli,5392058448472134795,B,hain,sunk,2,1,0,1,0,0,0,0,0,0
13,normal,dengeli,16777967028680186352,A,hain,sunk,5,4,0,1,1,0,0,0,0,0
13,normal,dengeli,16777967028680186352,B,crew,port,6,6,1,1,1,3,0,0,0,0
13,normal,kaotik,9333197341987601586,A,crew,port,7,7,1,1,1,3,0,0,0,0
13,normal,kaotik,9333197341987601586,B,crew,port,7,7,1,1,1,3,0,0,0,0
13,normal,kaotik,17382223214361393850,A,crew,port,5,5,2,1,1,2,0,0,0,0
13,normal,kaotik,17382223214361393850,B,crew,port,5,5,2,1,1,2,0,0,0,0
13,normal,kaotik,3455710454980967405,A,crew,port,5,5,1,1,1,3,0,0,0,0
13,normal,kaotik,3455710454980967405,B,crew,port,5,5,2,1,1,4,0,0,0,0
13,normal,kaotik,3345454560139480096,A,hain,sunk,7,6,0,1,1,2,0,0,0,0
13,normal,kaotik,3345454560139480096,B,hain,sunk,8,7,0,1,1,4,0,0,0,0
13,normal,kaotik,10737279562630490212,A,hain,sunk,4,3,0,1,1,2,0,0,0,0
13,normal,kaotik,10737279562630490212,B,hain,sunk,4,3,0,1,1,2,0,0,0,0
13,normal,kaotik,16688767692843670641,A,crew,port,7,7,2,1,1,1,0,0,0,0
13,normal,kaotik,16688767692843670641,B,crew,port,7,7,1,1,1,2,0,0,0,0
13,normal,kaotik,10357220859589973681,A,hain,scurvy,7,6,1,1,0,2,0,0,0,0
13,normal,kaotik,10357220859589973681,B,hain,scurvy,6,5,1,1,0,1,0,0,0,0
13,normal,kaotik,6824796119050213551,A,crew,port,13,13,1,1,1,6,0,0,0,0
13,normal,kaotik,6824796119050213551,B,crew,port,14,14,1,1,1,8,0,0,0,0
13,normal,kaotik,10823640895508449273,A,crew,port,6,6,2,1,1,3,0,0,0,0
13,normal,kaotik,10823640895508449273,B,crew,port,6,6,2,1,1,3,0,0,0,0
13,normal,kaotik,10051435208379953368,A,crew,port,6,6,1,1,1,2,0,0,0,0
13,normal,kaotik,10051435208379953368,B,crew,port,6,6,1,1,1,2,0,0,0,0
13,normal,kaotik,6183978566662238800,A,hain,sunk,4,3,0,1,0,1,0,0,0,0
13,normal,kaotik,6183978566662238800,B,hain,sunk,3,2,0,1,0,1,0,0,0,0
13,normal,kaotik,16645236437228925786,A,crew,port,6,6,1,1,1,1,0,0,0,0
13,normal,kaotik,16645236437228925786,B,crew,port,6,6,2,1,1,2,0,0,0,0
13,normal,kaotik,14466108207356216909,A,hain,sunk,5,4,0,1,1,2,0,0,0,0
13,normal,kaotik,14466108207356216909,B,hain,sunk,5,4,0,1,1,2,0,0,0,0
13,normal,kaotik,6216978000484512242,A,crew,port,6,6,1,1,1,3,0,0,0,0
13,normal,kaotik,6216978000484512242,B,crew,port,6,6,1,1,1,3,0,0,0,0
13,normal,kaotik,16703917852186798607,A,crew,port,7,7,1,1,1,2,0,0,0,0
13,normal,kaotik,16703917852186798607,B,crew,port,7,7,1,1,1,3,0,0,0,0
13,normal,kaotik,13770854333979366291,A,crew,port,6,6,1,1,1,3,0,0,0,0
13,normal,kaotik,13770854333979366291,B,crew,port,7,7,2,1,1,3,0,0,0,0
13,normal,kaotik,16623841932561177253,A,hain,scurvy,5,4,1,1,0,2,0,0,0,0
13,normal,kaotik,16623841932561177253,B,hain,scurvy,5,4,1,1,0,2,0,0,0,0
13,normal,kaotik,8658678242351713690,A,hain,sunk,4,3,0,1,1,1,0,0,0,0
13,normal,kaotik,8658678242351713690,B,hain,sunk,4,3,0,1,1,1,0,0,0,0
13,normal,kaotik,15539826145064097314,A,hain,sunk,5,4,0,1,1,3,0,0,0,0
13,normal,kaotik,15539826145064097314,B,crew,port,6,6,1,1,1,2,0,0,0,0
13,normal,kaotik,16452026798740978180,A,crew,port,6,6,1,0,0,0,0,0,0,0
13,normal,kaotik,16452026798740978180,B,crew,port,6,6,1,0,0,2,0,0,0,0
13,long,temkinli,10409532055108587746,A,hain,scurvy,7,6,1,1,0,3,0,0,0,0
13,long,temkinli,10409532055108587746,B,hain,scurvy,6,5,2,1,0,4,0,0,0,0
13,long,temkinli,6900156824064005522,A,crew,port,6,6,1,1,1,1,0,0,0,1
13,long,temkinli,6900156824064005522,B,crew,port,7,7,1,1,1,2,0,0,0,0
13,long,temkinli,7475277011298413424,A,crew,port,7,7,2,1,1,3,0,0,0,0
13,long,temkinli,7475277011298413424,B,crew,port,8,8,1,1,1,5,0,0,0,0
13,long,temkinli,1887869800950568438,A,crew,port,7,7,2,1,1,4,0,0,0,0
13,long,temkinli,1887869800950568438,B,crew,port,7,7,2,1,1,3,0,0,0,0
13,long,temkinli,9958589852680479734,A,hain,sunk,4,3,0,1,1,2,0,0,0,0
13,long,temkinli,9958589852680479734,B,hain,sunk,4,3,0,1,1,2,0,0,0,0
13,long,temkinli,16695056177071046782,A,hain,scurvy,7,6,1,1,0,1,0,0,0,0
13,long,temkinli,16695056177071046782,B,hain,scurvy,7,6,1,1,0,2,0,0,0,0
13,long,temkinli,16024921763828556526,A,hain,sunk,5,4,0,0,0,0,0,0,0,1
13,long,temkinli,16024921763828556526,B,hain,sunk,5,4,0,0,0,2,7,0,0,0
13,long,temkinli,9271176549326281404,A,crew,port,7,7,1,1,1,3,0,0,0,0
13,long,temkinli,9271176549326281404,B,crew,port,7,7,1,1,1,2,0,0,0,0
13,long,temkinli,215499376628300193,A,crew,port,7,7,2,1,1,4,0,0,0,0
13,long,temkinli,215499376628300193,B,crew,port,7,7,2,1,1,4,0,0,0,0
13,long,temkinli,13809513896430208745,A,crew,port,6,6,2,1,1,3,0,0,0,0
13,long,temkinli,13809513896430208745,B,crew,port,7,7,1,1,1,4,0,0,0,0
13,long,temkinli,12201848855766286026,A,hain,sunk,3,2,0,1,0,1,0,0,0,0
13,long,temkinli,12201848855766286026,B,hain,sunk,3,2,0,1,0,1,0,0,0,0
13,long,temkinli,15107625509607798776,A,crew,port,7,7,2,1,1,4,0,0,0,0
13,long,temkinli,15107625509607798776,B,crew,port,7,7,2,1,1,2,0,0,0,0
13,long,temkinli,486439120928897832,A,hain,scurvy,7,6,2,1,0,3,0,0,0,0
13,long,temkinli,486439120928897832,B,hain,scurvy,7,6,2,1,0,4,0,0,0,0
13,long,temkinli,10430763296785525097,A,hain,sunk,4,3,0,1,1,1,0,0,0,0
13,long,temkinli,10430763296785525097,B,hain,sunk,4,3,0,1,1,1,0,0,0,0
13,long,temkinli,4684343195778282350,A,crew,port,6,6,1,1,1,3,0,0,0,0
13,long,temkinli,4684343195778282350,B,crew,port,8,8,2,1,1,3,0,0,0,0
13,long,temkinli,16078302573730627468,A,crew,port,7,7,2,1,1,5,0,0,0,0
13,long,temkinli,16078302573730627468,B,crew,port,7,7,2,1,1,2,0,0,0,0
13,long,temkinli,12742893588006466893,A,crew,port,6,6,2,1,1,4,0,0,0,0
13,long,temkinli,12742893588006466893,B,crew,port,6,6,2,1,1,4,0,0,0,0
13,long,temkinli,7804866121677795402,A,crew,port,7,7,2,1,1,4,0,0,0,0
13,long,temkinli,7804866121677795402,B,crew,port,7,7,2,1,1,4,0,0,0,0
13,long,temkinli,7897793772681558150,A,crew,port,7,7,2,1,1,3,0,0,0,0
13,long,temkinli,7897793772681558150,B,hain,sunk,5,4,0,1,1,2,7,0,0,0
13,long,temkinli,5675093096396325318,A,crew,port,7,7,1,1,1,5,0,0,0,0
13,long,temkinli,5675093096396325318,B,crew,port,7,7,1,1,1,5,0,0,0,0
13,long,dengeli,11059784307970803763,A,crew,port,7,7,2,1,1,2,0,0,0,0
13,long,dengeli,11059784307970803763,B,crew,port,7,7,2,1,1,2,0,0,0,0
13,long,dengeli,10728429487983666902,A,crew,port,7,7,2,1,1,2,0,0,0,0
13,long,dengeli,10728429487983666902,B,crew,port,7,7,2,1,1,2,0,0,0,0
13,long,dengeli,13990002588581178425,A,hain,sunk,7,6,0,1,1,2,0,0,0,0
13,long,dengeli,13990002588581178425,B,hain,sunk,7,6,0,1,1,2,0,0,0,0
13,long,dengeli,13125122374398065197,A,crew,port,6,6,2,1,1,3,0,0,0,0
13,long,dengeli,13125122374398065197,B,crew,port,6,6,2,1,1,3,0,0,0,0
13,long,dengeli,4639235800809390933,A,crew,port,7,7,2,1,1,4,7,0,0,0
13,long,dengeli,4639235800809390933,B,crew,port,7,7,2,1,1,4,7,0,0,0
13,long,dengeli,10677607519339562319,A,hain,sunk,5,4,0,1,0,1,0,0,0,0
13,long,dengeli,10677607519339562319,B,hain,sunk,5,4,0,1,0,1,0,0,0,0
13,long,dengeli,5453242668657861482,A,crew,port,10,10,1,1,1,6,0,0,0,0
13,long,dengeli,5453242668657861482,B,hain,sunk,9,8,0,1,0,3,0,0,0,0
13,long,dengeli,5125246472506084037,A,hain,sunk,4,3,0,1,1,1,0,0,0,0
13,long,dengeli,5125246472506084037,B,crew,port,6,6,2,1,1,4,0,0,0,0
13,long,dengeli,12940810081577501454,A,crew,port,6,6,2,1,1,2,0,0,0,0
13,long,dengeli,12940810081577501454,B,crew,port,6,6,1,1,1,2,0,0,0,0
13,long,dengeli,2779561854874994597,A,crew,port,7,7,2,1,1,5,0,0,0,0
13,long,dengeli,2779561854874994597,B,crew,port,7,7,1,1,1,4,0,0,0,0
13,long,dengeli,11701014997941109406,A,crew,port,7,7,2,1,1,2,0,0,0,0
13,long,dengeli,11701014997941109406,B,crew,port,7,7,2,1,1,2,0,0,0,0
13,long,dengeli,9226747911636287845,A,hain,sunk,6,5,0,1,0,0,0,0,0,0
13,long,dengeli,9226747911636287845,B,hain,sunk,6,5,0,1,1,2,0,0,0,0
13,long,dengeli,13762972479507614558,A,hain,sunk,3,2,0,1,0,1,0,0,0,0
13,long,dengeli,13762972479507614558,B,hain,scurvy,7,6,1,1,0,5,0,0,0,0
13,long,dengeli,13508937311585283154,A,hain,sunk,5,4,0,1,1,1,0,0,0,0
13,long,dengeli,13508937311585283154,B,hain,sunk,6,5,0,1,1,2,0,0,0,0
13,long,dengeli,12714847385621398863,A,hain,scurvy,8,7,1,1,0,4,0,0,0,0
13,long,dengeli,12714847385621398863,B,hain,scurvy,7,6,1,1,0,1,0,0,0,0
13,long,dengeli,8808308589947277764,A,hain,sunk,3,2,0,1,1,1,0,0,0,0
13,long,dengeli,8808308589947277764,B,hain,sunk,3,2,0,1,1,1,0,0,0,0
13,long,dengeli,3248336291963182652,A,crew,port,6,6,2,1,1,3,0,0,0,0
13,long,dengeli,3248336291963182652,B,crew,port,7,7,2,1,1,4,0,0,0,0
13,long,dengeli,10408645846094726225,A,crew,port,7,7,1,1,1,3,0,0,0,0
13,long,dengeli,10408645846094726225,B,hain,sunk,7,6,0,1,1,2,0,0,0,0
13,long,dengeli,2688850335602857166,A,crew,port,7,7,2,1,1,4,0,0,0,0
13,long,dengeli,2688850335602857166,B,crew,port,7,7,2,1,1,4,0,0,0,0
13,long,dengeli,13761519032331602126,A,crew,port,6,6,2,1,1,1,0,0,0,0
13,long,dengeli,13761519032331602126,B,crew,port,7,7,1,1,1,2,0,0,0,0
13,long,kaotik,7947161119047403822,A,crew,port,7,7,2,1,1,3,0,0,0,0
13,long,kaotik,7947161119047403822,B,crew,port,7,7,2,1,1,3,0,0,0,0
13,long,kaotik,5322057297543703286,A,crew,port,7,7,2,1,1,4,0,0,0,0
13,long,kaotik,5322057297543703286,B,crew,port,7,7,2,1,1,3,0,0,0,0
13,long,kaotik,17012559446360513243,A,crew,port,7,7,2,1,1,3,0,0,0,0
13,long,kaotik,17012559446360513243,B,hain,scurvy,7,6,2,1,0,5,0,0,0,0
13,long,kaotik,16863806787559767796,A,crew,port,7,7,1,1,1,3,0,0,0,0
13,long,kaotik,16863806787559767796,B,hain,sunk,8,7,0,1,1,5,0,0,0,0
13,long,kaotik,16504092217179746773,A,hain,sunk,4,3,0,0,0,0,0,0,0,0
13,long,kaotik,16504092217179746773,B,crew,port,7,7,1,0,0,3,0,0,0,0
13,long,kaotik,6491987372174085808,A,crew,port,7,7,2,1,1,4,0,0,0,0
13,long,kaotik,6491987372174085808,B,crew,port,8,8,2,1,1,6,0,0,0,0
13,long,kaotik,16017763342776812612,A,crew,port,9,9,2,1,1,6,0,0,0,0
13,long,kaotik,16017763342776812612,B,crew,port,8,8,1,1,1,3,0,0,0,0
13,long,kaotik,11419465535902740431,A,hain,scurvy,7,6,2,1,0,4,0,0,0,0
13,long,kaotik,11419465535902740431,B,crew,port,6,6,2,1,1,4,0,0,0,0
13,long,kaotik,17313131051332508690,A,crew,port,7,7,1,0,0,3,0,0,0,0
13,long,kaotik,17313131051332508690,B,crew,port,7,7,1,0,0,4,0,0,0,0
13,long,kaotik,10269733415472289664,A,crew,port,8,8,2,1,1,5,0,0,0,0
13,long,kaotik,10269733415472289664,B,crew,port,7,7,1,1,1,2,0,0,0,0
13,long,kaotik,4104456066902288846,A,crew,port,6,6,2,1,1,0,0,0,0,0
13,long,kaotik,4104456066902288846,B,crew,port,8,8,2,1,1,3,0,0,0,0
13,long,kaotik,9933394638594362229,A,crew,port,7,7,2,1,1,2,0,0,0,1
13,long,kaotik,9933394638594362229,B,crew,port,7,7,1,1,1,2,0,0,0,1
13,long,kaotik,14415412759681604733,A,crew,port,6,6,2,1,1,3,0,0,0,0
13,long,kaotik,14415412759681604733,B,crew,port,7,7,2,1,1,5,0,0,0,0
13,long,kaotik,18337288777036055401,A,hain,sunk,5,4,0,1,1,3,0,0,0,0
13,long,kaotik,18337288777036055401,B,hain,sunk,5,4,0,1,1,1,0,0,0,0
13,long,kaotik,17281357153476342239,A,crew,port,7,7,1,1,1,4,0,0,0,0
13,long,kaotik,17281357153476342239,B,hain,sunk,6,5,0,1,1,3,0,0,0,0
13,long,kaotik,3997148531095343829,A,crew,port,8,8,1,1,1,5,0,0,0,0
13,long,kaotik,3997148531095343829,B,crew,port,7,7,1,1,1,2,0,0,0,0
13,long,kaotik,4028398491055070282,A,crew,port,13,13,1,1,1,9,0,0,0,0
13,long,kaotik,4028398491055070282,B,crew,port,13,13,1,1,1,9,0,0,0,0
13,long,kaotik,8667128925636202061,A,crew,port,7,7,1,1,1,3,7,0,0,0
13,long,kaotik,8667128925636202061,B,crew,port,7,7,1,1,1,3,7,0,0,0
13,long,kaotik,9683740405231574246,A,crew,port,6,6,2,1,1,3,0,0,0,0
13,long,kaotik,9683740405231574246,B,crew,port,6,6,2,1,1,3,0,0,0,0
13,long,kaotik,721576762451504806,A,hain,sunk,5,4,0,1,1,0,0,0,0,0
13,long,kaotik,721576762451504806,B,crew,port,8,8,1,1,1,5,0,0,0,0
14,short,temkinli,9410614627945411192,A,crew,port,5,5,1,1,1,1,0,0,0,0
14,short,temkinli,9410614627945411192,B,crew,port,5,5,1,1,1,1,0,0,0,0
14,short,temkinli,13686765555902307894,A,hain,sunk,3,2,0,1,1,1,0,0,0,0
14,short,temkinli,13686765555902307894,B,hain,sunk,3,2,0,1,1,1,0,0,0,0
14,short,temkinli,2756994763932590678,A,crew,port,5,5,2,1,1,1,0,0,0,0
14,short,temkinli,2756994763932590678,B,crew,port,8,8,2,1,1,5,0,0,0,0
14,short,temkinli,3418169594471530067,A,crew,port,5,5,1,1,1,1,0,0,0,0
14,short,temkinli,3418169594471530067,B,hain,sunk,5,4,0,1,1,0,0,0,0,0
14,short,temkinli,2044151426453582751,A,hain,sunk,5,4,0,1,1,2,0,0,0,0
14,short,temkinli,2044151426453582751,B,crew,port,5,5,1,1,1,3,0,0,0,0
14,short,temkinli,6677508701767745266,A,crew,port,5,5,1,1,1,2,0,0,0,0
14,short,temkinli,6677508701767745266,B,crew,port,5,5,1,1,1,2,0,0,0,0
14,short,temkinli,6383184762806992694,A,hain,scurvy,5,4,1,1,0,0,0,0,0,0
14,short,temkinli,6383184762806992694,B,hain,scurvy,5,4,1,1,0,0,0,0,0,0
14,short,temkinli,18368954135738707131,A,crew,port,5,5,1,1,1,1,0,0,0,0
14,short,temkinli,18368954135738707131,B,crew,port,5,5,1,1,1,1,0,0,0,0
14,short,temkinli,5199253250106471638,A,crew,port,5,5,2,1,1,2,0,0,0,0
14,short,temkinli,5199253250106471638,B,crew,port,5,5,2,1,1,2,0,0,0,0
14,short,temkinli,1364938384245174814,A,crew,port,5,5,1,1,1,2,0,0,0,0
14,short,temkinli,1364938384245174814,B,hain,sunk,4,3,0,1,1,0,0,0,0,0
14,short,temkinli,488779649466442391,A,crew,port,6,6,1,1,1,5,0,0,0,0
14,short,temkinli,488779649466442391,B,crew,port,6,6,1,1,1,5,0,0,0,0
14,short,temkinli,4582184085663904195,A,hain,sunk,4,3,0,1,1,2,0,0,0,0
14,short,temkinli,4582184085663904195,B,hain,sunk,4,3,0,1,1,2,0,0,0,0
14,short,temkinli,528521334906734373,A,crew,port,5,5,1,1,1,2,0,0,0,0
14,short,temkinli,528521334906734373,B,crew,port,5,5,1,1,1,2,0,0,0,0
14,short,temkinli,15285512469652960477,A,crew,port,5,5,2,1,1,3,0,0,0,0
14,short,temkinli,15285512469652960477,B,crew,port,5,5,2,1,1,3,0,0,0,0
14,short,temkinli,15468647103890905278,A,crew,port,5,5,1,1,1,0,0,0,0,0
14,short,temkinli,15468647103890905278,B,crew,port,5,5,1,1,1,0,0,0,0,0
14,short,temkinli,4562078871148101160,A,hain,sunk,5,4,0,1,0,3,0,0,0,0
14,short,temkinli,4562078871148101160,B,hain,sunk,5,4,0,1,0,2,0,0,0,0
14,short,temkinli,9458310147910765237,A,crew,port,5,5,2,1,1,3,0,0,0,0
14,short,temkinli,9458310147910765237,B,crew,port,5,5,1,1,1,3,0,0,0,0
14,short,temkinli,8419895696802843285,A,crew,port,5,5,1,1,1,3,0,0,0,0
14,short,temkinli,8419895696802843285,B,crew,port,5,5,1,1,1,3,0,0,0,0
14,short,temkinli,18387258364122266933,A,hain,sunk,5,4,0,1,1,2,0,0,0,0
14,short,temkinli,18387258364122266933,B,hain,sunk,5,4,0,1,1,2,0,0,0,0
14,short,temkinli,16903378038878253569,A,crew,port,5,5,1,1,1,2,0,0,0,0
14,short,temkinli,16903378038878253569,B,crew,port,5,5,1,1,1,2,0,0,0,0
14,short,dengeli,13596153015756774652,A,crew,port,5,5,1,1,1,4,0,0,0,0
14,short,dengeli,13596153015756774652,B,crew,port,5,5,1,1,1,2,0,0,0,0
14,short,dengeli,7071648519196406151,A,crew,port,5,5,1,1,1,3,0,0,0,0
14,short,dengeli,7071648519196406151,B,hain,scurvy,4,3,1,1,0,2,0,0,0,0
14,short,dengeli,556482061577004539,A,crew,port,5,5,1,1,1,4,0,0,0,0
14,short,dengeli,556482061577004539,B,crew,port,5,5,1,1,1,4,0,0,0,0
14,short,dengeli,2489940983170346196,A,hain,scurvy,5,4,2,1,0,1,0,0,0,0
14,short,dengeli,2489940983170346196,B,hain,scurvy,5,4,1,1,0,0,0,0,0,0
14,short,dengeli,3799116983678737291,A,hain,sunk,3,2,0,0,0,0,0,0,0,0
14,short,dengeli,3799116983678737291,B,hain,sunk,4,3,0,0,0,0,0,0,0,0
14,short,dengeli,2035002295374198719,A,hain,sunk,3,2,0,1,0,1,0,0,0,0
14,short,dengeli,2035002295374198719,B,crew,port,5,5,1,1,1,1,0,0,0,0
14,short,dengeli,12901985037060779604,A,crew,port,5,5,1,1,1,3,0,0,0,0
14,short,dengeli,12901985037060779604,B,crew,port,6,6,1,1,1,3,0,0,0,0
14,short,dengeli,5897584203625929594,A,crew,port,4,4,1,1,1,3,0,0,0,0
14,short,dengeli,5897584203625929594,B,crew,port,4,4,1,1,1,3,0,0,0,0
14,short,dengeli,3749806802752984321,A,hain,scurvy,5,4,1,1,0,3,0,0,0,0
14,short,dengeli,3749806802752984321,B,crew,port,6,6,2,1,1,4,0,0,0,0
14,short,dengeli,6753000868454613943,A,hain,sunk,5,4,0,1,1,1,0,0,0,0
14,short,dengeli,6753000868454613943,B,crew,port,5,5,1,1,1,2,0,0,0,0
14,short,dengeli,14033275735626848038,A,crew,port,5,5,2,1,1,1,0,0,0,0
14,short,dengeli,14033275735626848038,B,crew,port,5,5,2,1,1,2,0,0,0,0
14,short,dengeli,2863092898771501997,A,crew,port,5,5,1,1,1,2,0,0,0,0
14,short,dengeli,2863092898771501997,B,crew,port,5,5,1,1,1,3,0,0,0,0
14,short,dengeli,13508340031589567607,A,crew,port,5,5,2,1,1,2,0,0,0,0
14,short,dengeli,13508340031589567607,B,crew,port,5,5,2,1,1,2,0,0,0,0
14,short,dengeli,993657257804174278,A,hain,sunk,5,4,0,1,0,1,0,0,0,0
14,short,dengeli,993657257804174278,B,hain,sunk,5,4,0,1,0,1,0,0,0,0
14,short,dengeli,4607763562588035835,A,crew,port,5,5,1,1,1,1,0,0,0,0
14,short,dengeli,4607763562588035835,B,crew,port,5,5,1,1,1,1,0,0,0,0
14,short,dengeli,8983874097659563626,A,crew,port,5,5,2,1,1,1,0,0,0,0
14,short,dengeli,8983874097659563626,B,crew,port,5,5,2,1,1,1,0,0,0,0
14,short,dengeli,18014586056003531140,A,hain,sunk,5,4,0,1,1,1,0,0,0,0
14,short,dengeli,18014586056003531140,B,hain,sunk,5,4,0,1,1,0,0,0,0,0
14,short,dengeli,1086078140421443997,A,crew,port,5,5,1,1,1,3,0,0,0,0
14,short,dengeli,1086078140421443997,B,crew,port,6,6,1,1,1,4,0,0,0,0
14,short,dengeli,5405841620207628915,A,crew,port,5,5,1,1,1,2,0,0,0,0
14,short,dengeli,5405841620207628915,B,crew,port,5,5,1,1,1,2,0,0,0,0
14,short,dengeli,8280752054276660674,A,crew,port,5,5,1,1,1,2,0,0,0,0
14,short,dengeli,8280752054276660674,B,crew,port,6,6,1,1,1,3,0,0,0,0
14,short,kaotik,17782273714892962828,A,hain,sunk,3,2,0,1,0,0,0,0,0,0
14,short,kaotik,17782273714892962828,B,hain,sunk,3,2,0,1,0,0,0,0,0,0
14,short,kaotik,15320845577626522047,A,hain,sunk,4,3,0,1,0,2,0,0,0,0
14,short,kaotik,15320845577626522047,B,hain,sunk,4,3,0,1,0,2,0,0,0,0
14,short,kaotik,1425926376759453460,A,crew,port,6,6,1,1,1,3,0,0,0,0
14,short,kaotik,1425926376759453460,B,hain,sunk,4,3,0,1,1,1,0,0,0,0
14,short,kaotik,17552043334458542739,A,crew,port,5,5,1,1,1,1,0,0,0,0
14,short,kaotik,17552043334458542739,B,crew,port,5,5,1,1,1,1,0,0,0,0
14,short,kaotik,2549757700851796459,A,crew,port,5,5,1,1,1,0,0,0,0,0
14,short,kaotik,2549757700851796459,B,crew,port,5,5,1,1,1,0,0,0,0,0
14,short,kaotik,3464761644805816896,A,crew,port,5,5,2,1,1,3,0,0,0,0
14,short,kaotik,3464761644805816896,B,crew,port,5,5,1,1,1,1,0,0,0,0
14,short,kaotik,13247445007573178080,A,hain,sunk,3,2,0,1,0,1,0,0,0,0
14,short,kaotik,13247445007573178080,B,hain,sunk,3,2,0,1,0,1,0,0,0,0
14,short,kaotik,2745002968816464061,A,crew,port,5,5,2,1,1,2,0,0,0,0
14,short,kaotik,2745002968816464061,B,crew,port,5,5,2,1,1,2,0,0,0,0
14,short,kaotik,16036036043953218204,A,crew,port,5,5,1,1,1,2,0,0,0,0
14,short,kaotik,16036036043953218204,B,crew,port,5,5,1,1,1,2,0,0,0,0
14,short,kaotik,3705418766477878020,A,hain,sunk,2,1,0,1,0,0,0,0,0,0
14,short,kaotik,3705418766477878020,B,hain,sunk,3,2,0,1,1,0,0,0,0,0
14,short,kaotik,15362843817332022061,A,crew,port,5,5,2,1,1,2,0,0,0,0
14,short,kaotik,15362843817332022061,B,crew,port,5,5,2,1,1,2,0,0,0,0
14,short,kaotik,1554112824010316459,A,crew,port,5,5,1,1,1,4,0,0,0,0
14,short,kaotik,1554112824010316459,B,crew,port,5,5,1,1,1,4,0,0,0,0
14,short,kaotik,15343318661832976681,A,crew,port,5,5,2,1,1,3,0,0,0,0
14,short,kaotik,15343318661832976681,B,hain,sunk,4,3,0,1,0,1,0,0,0,0
14,short,kaotik,2507484353445396541,A,hain,sunk,5,4,0,1,1,2,0,0,0,0
14,short,kaotik,2507484353445396541,B,hain,sunk,5,4,0,1,1,2,0,0,0,0
14,short,kaotik,18057599466365269862,A,hain,sunk,5,4,0,1,1,2,0,0,0,0
14,short,kaotik,18057599466365269862,B,crew,port,5,5,1,1,1,4,0,0,0,0
14,short,kaotik,3869995021452286051,A,crew,port,4,4,1,1,1,3,0,0,0,0
14,short,kaotik,3869995021452286051,B,crew,port,4,4,2,1,1,2,0,0,0,0
14,short,kaotik,8209059693288538857,A,hain,sunk,5,4,0,1,1,2,0,0,0,0
14,short,kaotik,8209059693288538857,B,hain,sunk,5,4,0,1,1,2,0,0,0,0
14,short,kaotik,5038856993515688345,A,hain,scurvy,5,4,2,1,0,1,0,0,0,0
14,short,kaotik,5038856993515688345,B,crew,port,4,4,2,1,1,2,0,0,0,0
14,short,kaotik,2812960775604848034,A,crew,port,4,4,1,1,1,1,0,0,0,0
14,short,kaotik,2812960775604848034,B,crew,port,4,4,1,1,1,1,0,0,0,0
14,short,kaotik,13383879191378701761,A,crew,port,6,6,2,1,1,1,0,0,0,0
14,short,kaotik,13383879191378701761,B,hain,scurvy,5,4,1,1,0,3,0,0,0,0
14,normal,temkinli,3479966564417670518,A,crew,port,5,5,2,1,1,2,7,0,0,0
14,normal,temkinli,3479966564417670518,B,crew,port,5,5,2,1,1,2,7,0,0,0
14,normal,temkinli,4333208776068557195,A,crew,port,6,6,1,1,1,3,0,0,0,0
14,normal,temkinli,4333208776068557195,B,crew,port,8,8,2,1,1,3,0,0,0,0
14,normal,temkinli,14796216986348424420,A,hain,sunk,2,1,0,1,0,0,0,0,0,0
14,normal,temkinli,14796216986348424420,B,hain,sunk,2,1,0,1,0,0,0,0,0,0
14,normal,temkinli,7947227406091299986,A,crew,port,6,6,1,1,1,1,0,0,0,0
14,normal,temkinli,7947227406091299986,B,crew,port,6,6,1,1,1,0,0,0,0,0
14,normal,temkinli,7177901657723006822,A,hain,sunk,9,8,0,1,1,2,0,0,0,0
14,normal,temkinli,7177901657723006822,B,hain,sunk,9,8,0,1,1,2,0,0,0,0
14,normal,temkinli,4892638522731069599,A,crew,port,6,6,2,1,1,2,0,0,0,0
14,normal,temkinli,4892638522731069599,B,crew,port,6,6,2,1,1,2,0,0,0,0
14,normal,temkinli,13665494470410637016,A,hain,sunk,4,3,0,1,1,0,0,0,0,0
14,normal,temkinli,13665494470410637016,B,hain,sunk,4,3,0,1,1,0,0,0,0,0
14,normal,temkinli,7025745018158667570,A,crew,port,6,6,1,1,1,2,0,0,0,0
14,normal,temkinli,7025745018158667570,B,hain,sunk,6,5,0,1,1,2,0,0,0,0
14,normal,temkinli,15470135916751721461,A,hain,sunk,3,2,0,1,0,0,0,0,0,0
14,normal,temkinli,15470135916751721461,B,hain,sunk,2,1,0,1,0,0,0,0,0,0
14,normal,temkinli,17461971673350520385,A,crew,port,6,6,2,1,1,4,0,0,0,0
14,normal,temkinli,17461971673350520385,B,crew,port,6,6,2,1,1,4,0,0,0,0
14,normal,temkinli,6549404007198634112,A,crew,port,6,6,1,1,1,1,0,0,0,0
14,normal,temkinli,6549404007198634112,B,crew,port,5,5,2,1,1,2,0,0,0,0
14,normal,temkinli,16316930401494671327,A,crew,port,6,6,1,1,1,1,0,0,0,0
14,normal,temkinli,16316930401494671327,B,crew,port,6,6,1,1,1,2,0,0,0,0
14,normal,temkinli,5476714633520992470,A,crew,port,6,6,1,1,1,2,0,0,0,0
14,normal,temkinli,5476714633520992470,B,crew,port,6,6,1,1,1,2,0,0,0,0
14,normal,temkinli,6315815382798827086,A,crew,port,6,6,2,1,1,3,0,0,0,0
14,normal,temkinli,6315815382798827086,B,hain,sunk,5,4,0,1,1,2,0,0,0,0
14,normal,temkinli,15873759870967322920,A,crew,port,10,10,1,1,1,6,7,0,0,0
14,normal,temkinli,15873759870967322920,B,crew,port,10,10,2,1,1,7,7,0,0,0
14,normal,temkinli,10640534958258157675,A,hain,sunk,7,6,0,1,1,3,0,0,0,0
14,normal,temkinli,10640534958258157675,B,hain,sunk,6,5,0,1,1,3,0,0,0,0
14,normal,temkinli,2323151909375154292,A,crew,port,6,6,1,1,1,2,0,0,0,0
14,normal,temkinli,2323151909375154292,B,crew,port,6,6,1,1,1,3,0,0,0,0
14,normal,temkinli,16829481851475058267,A,hain,sunk,5,4,0,1,1,1,0,0,0,0
14,normal,temkinli,16829481851475058267,B,hain,sunk,5,4,0,1,1,0,0,0,0,0
14,normal,temkinli,10287428646902541534,A,hain,scurvy,6,5,1,1,0,0,0,0,0,0
14,normal,temkinli,10287428646902541534,B,hain,scurvy,6,5,1,1,0,0,0,0,0,0
14,normal,temkinli,1938448167214536154,A,crew,port,5,5,2,1,1,3,0,0,0,0
14,normal,temkinli,1938448167214536154,B,crew,port,6,6,2,1,1,4,0,0,0,0
14,normal,dengeli,1191599547388480515,A,crew,port,6,6,2,1,1,3,0,0,0,0
14,normal,dengeli,1191599547388480515,B,crew,port,6,6,2,1,1,0,0,0,0,0
14,normal,dengeli,15813570217046152011,A,hain,sunk,3,2,0,1,0,1,0,0,0,0
14,normal,dengeli,15813570217046152011,B,hain,scurvy,7,6,1,1,0,3,0,0,0,0
14,normal,dengeli,5476718221335313194,A,crew,port,5,5,2,1,1,1,0,0,0,0
14,normal,dengeli,5476718221335313194,B,crew,port,5,5,2,1,1,1,0,0,0,0
14,normal,dengeli,16020987400108782988,A,hain,sunk,4,3,0,1,0,0,0,0,0,0
14,normal,dengeli,16020987400108782988,B,hain,sunk,4,3,0,1,0,0,0,0,0,0
14,normal,dengeli,5208687224887034370,A,crew,port,6,6,1,1,1,4,0,0,0,0
14,normal,dengeli,5208687224887034370,B,crew,port,6,6,1,1,1,4,0,0,0,0
14,normal,dengeli,5267918458170587708,A,hain,sunk,5,4,0,1,1,0,0,0,0,0
14,normal,dengeli,5267918458170587708,B,hain,sunk,5,4,0,1,1,0,0,0,0,0
14,normal,dengeli,7998804422573036616,A,hain,sunk,5,4,0,1,0,1,0,0,0,0
14,normal,dengeli,7998804422573036616,B,crew,port,7,7,1,1,1,2,0,0,0,0
14,normal,dengeli,8654704274971727801,A,crew,port,7,7,1,1,1,5,0,0,0,0
14,normal,dengeli,8654704274971727801,B,crew,port,7,7,1,1,1,4,0,0,0,0
14,normal,dengeli,10781855198513791795,A,crew,port,6,6,1,1,1,1,0,0,0,0
14,normal,dengeli,10781855198513791795,B,hain,sunk,6,5,0,1,1,1,0,0,0,0
14,normal,dengeli,7720835751549058295,A,crew,port,6,6,2,1,1,3,0,0,0,0
14,normal,dengeli,7720835751549058295,B,crew,port,6,6,2,1,1,2,0,0,0,0
14,normal,dengeli,5388515237612459334,A,hain,sunk,5,4,0,1,0,1,0,0,0,0
14,normal,dengeli,5388515237612459334,B,hain,sunk,5,4,0,1,0,0,0,0,0,0
14,normal,dengeli,7602429565975685214,A,crew,port,6,6,2,1,1,3,0,0,0,0
14,normal,dengeli,7602429565975685214,B,crew,port,6,6,2,1,1,3,0,0,0,0
14,normal,dengeli,12080750977665223290,A,hain,sunk,3,2,0,1,0,1,0,0,0,0
14,normal,dengeli,12080750977665223290,B,hain,sunk,3,2,0,1,0,1,0,0,0,0
14,normal,dengeli,17897795607369098663,A,crew,port,6,6,2,1,1,5,0,0,0,0
14,normal,dengeli,17897795607369098663,B,crew,port,6,6,2,1,1,5,0,0,0,0
14,normal,dengeli,17287212351280068916,A,crew,port,5,5,2,1,1,3,0,0,0,0
14,normal,dengeli,17287212351280068916,B,crew,port,5,5,2,1,1,3,7,0,0,0
14,normal,dengeli,2927154555494460589,A,hain,sunk,5,4,0,1,1,1,0,0,0,0
14,normal,dengeli,2927154555494460589,B,hain,sunk,5,4,0,1,1,1,0,0,0,0
14,normal,dengeli,14299160864249343463,A,crew,port,6,6,2,1,1,1,0,0,0,0
14,normal,dengeli,14299160864249343463,B,crew,port,6,6,2,1,1,0,0,0,0,0
14,normal,dengeli,15030607417987191292,A,crew,port,5,5,1,1,1,2,0,0,0,0
14,normal,dengeli,15030607417987191292,B,hain,sunk,4,3,0,1,1,1,0,0,0,0
14,normal,dengeli,383728322731574861,A,hain,sunk,4,3,0,1,1,1,0,0,0,0
14,normal,dengeli,383728322731574861,B,hain,sunk,3,2,0,1,1,1,0,0,0,0
14,normal,dengeli,12943362716649848993,A,crew,port,6,6,1,1,1,1,0,0,0,0
14,normal,dengeli,12943362716649848993,B,crew,port,6,6,1,1,1,2,0,0,0,0
14,normal,kaotik,3873429036902700437,A,hain,sunk,7,6,0,1,1,3,0,0,0,0
14,normal,kaotik,3873429036902700437,B,crew,port,7,7,1,1,1,4,0,0,0,0
14,normal,kaotik,17206889119927995956,A,hain,sunk,5,4,0,1,1,1,0,0,0,0
14,normal,kaotik,17206889119927995956,B,hain,sunk,5,4,0,1,1,2,0,0,0,0
14,normal,kaotik,16297652308079067315,A,crew,port,6,6,2,1,1,2,0,0,0,0
14,normal,kaotik,16297652308079067315,B,crew,port,6,6,1,1,1,2,0,0,0,0
14,normal,kaotik,15055171607892006972,A,crew,port,6,6,1,1,1,2,0,0,0,0
14,normal,kaotik,15055171607892006972,B,crew,port,5,5,1,1,1,2,0,0,0,0
14,normal,kaotik,17576085981033691451,A,crew,port,6,6,1,1,1,4,0,0,0,0
14,normal,kaotik,17576085981033691451,B,crew,port,6,6,1,1,1,4,0,0,0,0
14,normal,kaotik,1897006752598360904,A,crew,port,6,6,2,1,1,3,0,0,0,0
14,normal,kaotik,1897006752598360904,B,crew,port,6,6,2,1,1,3,0,0,0,0
14,normal,kaotik,284186962401817014,A,crew,port,6,6,2,1,1,1,0,0,0,0
14,normal,kaotik,284186962401817014,B,crew,port,6,6,2,1,1,3,0,0,0,0
14,normal,kaotik,7543989667252401097,A,crew,port,6,6,2,1,1,1,0,0,0,0
14,normal,kaotik,7543989667252401097,B,crew,port,6,6,2,1,1,1,0,0,0,0
14,normal,kaotik,10967855602504447787,A,hain,sunk,5,4,0,1,1,1,0,0,0,0
14,normal,kaotik,10967855602504447787,B,hain,sunk,5,4,0,1,1,1,0,0,0,0
14,normal,kaotik,12473244906432511990,A,crew,port,6,6,2,1,1,2,0,0,0,0
14,normal,kaotik,12473244906432511990,B,crew,port,6,6,2,1,1,2,0,0,0,0
14,normal,kaotik,8068879994851836498,A,hain,sunk,3,2,0,1,0,0,0,0,0,0
14,normal,kaotik,8068879994851836498,B,hain,sunk,3,2,0,1,0,0,0,0,0,0
14,normal,kaotik,9619741542013308382,A,hain,sunk,4,3,0,1,0,0,0,0,0,0
14,normal,kaotik,9619741542013308382,B,crew,port,6,6,1,1,1,3,0,0,0,0
14,normal,kaotik,2703574631163254204,A,hain,sunk,6,5,0,1,1,2,0,0,0,0
14,normal,kaotik,2703574631163254204,B,hain,sunk,6,5,0,1,1,3,0,0,0,0
14,normal,kaotik,18273308468587247044,A,crew,port,6,6,1,1,1,1,0,0,0,0
14,normal,kaotik,18273308468587247044,B,crew,port,6,6,1,1,1,1,0,0,0,0
14,normal,kaotik,5635072216282796745,A,hain,sunk,3,2,0,1,1,0,0,0,0,0
14,normal,kaotik,5635072216282796745,B,hain,sunk,4,3,0,1,1,0,0,0,0,0
14,normal,kaotik,30294109250939990,A,hain,scurvy,6,5,2,1,0,2,0,0,0,0
14,normal,kaotik,30294109250939990,B,hain,scurvy,6,5,1,1,0,2,0,0,0,0
14,normal,kaotik,8327634988931548161,A,crew,port,6,6,2,1,1,1,0,0,0,0
14,normal,kaotik,8327634988931548161,B,crew,port,6,6,2,1,1,1,0,0,0,0
14,normal,kaotik,1331715130280798620,A,crew,port,4,4,2,1,1,2,0,0,0,0
14,normal,kaotik,1331715130280798620,B,crew,port,5,5,2,1,1,0,0,0,0,0
14,normal,kaotik,2893181226775776146,A,crew,port,6,6,1,1,1,1,0,0,0,0
14,normal,kaotik,2893181226775776146,B,crew,port,7,7,2,1,1,2,0,0,0,0
14,normal,kaotik,4324518066285161271,A,hain,sunk,6,5,0,1,0,4,0,0,0,0
14,normal,kaotik,4324518066285161271,B,crew,port,6,6,1,1,1,1,0,0,0,0
14,long,temkinli,13653036493413165142,A,crew,port,7,7,1,1,1,4,0,0,0,0
14,long,temkinli,13653036493413165142,B,crew,port,7,7,2,1,1,2,0,0,0,0
14,long,temkinli,5148130770173012963,A,crew,port,7,7,2,1,1,6,0,0,0,0
14,long,temkinli,5148130770173012963,B,crew,port,7,7,1,1,1,4,0,0,0,0
14,long,temkinli,6144619025008496218,A,hain,sunk,2,1,0,1,0,0,0,0,0,0
14,long,temkinli,6144619025008496218,B,hain,sunk,2,1,0,1,0,0,0,0,0,0
14,long,temkinli,5090303474998404231,A,hain,sunk,12,11,0,1,1,4,0,0,0,0
14,long,temkinli,5090303474998404231,B,hain,sunk,12,11,0,1,1,4,0,0,0,0
14,long,temkinli,2004484404966335989,A,hain,sunk,6,5,0,1,1,2,0,0,0,0
14,long,temkinli,2004484404966335989,B,hain,sunk,7,6,0,1,1,1,0,0,0,0
14,long,temkinli,15162585647922674582,A,crew,port,7,7,2,1,1,4,0,0,0,0
14,long,temkinli,15162585647922674582,B,crew,port,7,7,2,1,1,5,0,0,0,0
14,long,temkinli,13944456574693644872,A,crew,port,8,8,1,1,1,4,0,0,0,0
14,long,temkinli,13944456574693644872,B,crew,port,9,9,1,1,1,6,0,0,0,0
14,long,temkinli,2660926085933901655,A,hain,sunk,5,4,0,1,1,0,0,0,0,0
14,long,temkinli,2660926085933901655,B,crew,port,6,6,1,1,1,5,0,0,0,0
14,long,temkinli,173097985260033277,A,crew,port,7,7,1,1,1,3,0,0,0,0
14,long,temkinli,173097985260033277,B,crew,port,7,7,1,1,1,3,0,0,0,0
14,long,temkinli,1264994268738233564,A,hain,sunk,7,6,0,1,1,4,0,0,0,0
14,long,temkinli,1264994268738233564,B,hain,sunk,6,5,0,1,1,3,0,0,0,0
14,long,temkinli,3089199428967639642,A,crew,port,7,7,1,1,1,1,0,0,0,0
14,long,temkinli,3089199428967639642,B,crew,port,7,7,1,1,1,3,0,0,0,0
14,long,temkinli,15880220023612665789,A,crew,port,7,7,2,1,1,4,0,0,0,0
14,long,temkinli,15880220023612665789,B,hain,sunk,7,6,0,1,1,3,0,0,0,0
14,long,temkinli,9346979727399961247,A,hain,sunk,7,6,0,1,1,3,0,0,0,0
14,long,temkinli,9346979727399961247,B,hain,sunk,7,6,0,1,1,3,0,0,0,0
14,long,temkinli,10596347399318647358,A,crew,port,7,7,1,1,1,3,0,0,0,0
14,long,temkinli,10596347399318647358,B,crew,port,7,7,1,1,1,2,0,0,0,0
14,long,temkinli,16394552421990906755,A,crew,port,6,6,2,1,1,2,0,0,0,0
14,long,temkinli,16394552421990906755,B,crew,port,7,7,1,1,1,4,0,0,0,0
14,long,temkinli,5347879127792115400,A,crew,port,7,7,2,0,0,5,0,0,0,0
14,long,temkinli,5347879127792115400,B,crew,port,7,7,2,0,0,2,0,0,0,0
14,long,temkinli,4070967384014538275,A,hain,sunk,6,5,0,1,1,1,0,0,0,0
14,long,temkinli,4070967384014538275,B,hain,sunk,6,5,0,1,1,1,0,0,0,0
14,long,temkinli,14604254589473731180,A,crew,port,6,6,1,1,1,4,0,0,0,0
14,long,temkinli,14604254589473731180,B,crew,port,8,8,1,1,1,6,0,0,0,0
14,long,temkinli,12556137837615943701,A,crew,port,7,7,1,1,1,3,0,0,0,0
14,long,temkinli,12556137837615943701,B,crew,port,7,7,1,1,1,3,0,0,0,0
14,long,temkinli,2390985794574150407,A,hain,sunk,6,5,0,0,0,1,0,0,0,0
14,long,temkinli,2390985794574150407,B,crew,port,6,6,1,0,0,2,0,0,0,0
14,long,dengeli,3242750169080660902,A,crew,port,7,7,2,1,1,2,0,0,0,0
14,long,dengeli,3242750169080660902,B,crew,port,7,7,2,1,1,2,0,0,0,0
14,long,dengeli,14102197396847966460,A,crew,port,7,7,2,1,1,3,0,0,0,0
14,long,dengeli,14102197396847966460,B,crew,port,7,7,2,1,1,3,0,0,0,0
14,long,dengeli,10806388369895490552,A,crew,port,6,6,1,1,1,2,0,0,0,0
14,long,dengeli,10806388369895490552,B,hain,sunk,6,5,0,1,1,2,0,0,0,0
14,long,dengeli,1048328632264217828,A,crew,port,6,6,2,1,1,0,0,0,0,0
14,long,dengeli,1048328632264217828,B,crew,port,6,6,2,1,1,0,0,0,0,0
14,long,dengeli,2412732394738987314,A,crew,port,7,7,2,1,1,2,0,0,0,0
14,long,dengeli,2412732394738987314,B,crew,port,7,7,2,1,1,2,0,0,0,0
14,long,dengeli,9186883725773444845,A,hain,sunk,7,6,0,0,0,2,0,0,0,0
14,long,dengeli,9186883725773444845,B,crew,port,7,7,1,0,0,3,0,0,0,0
14,long,dengeli,11446481987598099869,A,hain,sunk,5,4,0,1,1,2,0,0,0,0
14,long,dengeli,11446481987598099869,B,crew,port,7,7,1,1,1,2,0,0,0,0
14,long,dengeli,8716324965177687029,A,hain,sunk,5,4,0,1,1,2,0,0,0,0
14,long,dengeli,8716324965177687029,B,hain,sunk,5,4,0,1,1,2,0,0,0,0
14,long,dengeli,15968525960728366501,A,hain,sunk,7,6,0,1,1,4,0,0,0,0
14,long,dengeli,15968525960728366501,B,hain,sunk,7,6,0,1,1,3,0,0,0,0
14,long,dengeli,16561792845686884507,A,crew,port,7,7,2,1,1,4,0,0,0,0
14,long,dengeli,16561792845686884507,B,crew,port,7,7,2,1,1,4,0,0,0,0
14,long,dengeli,15578047828484393543,A,hain,sunk,6,5,0,0,0,3,0,0,0,0
14,long,dengeli,15578047828484393543,B,crew,port,7,7,1,0,0,4,0,0,0,0
14,long,dengeli,1046015159269598947,A,crew,port,7,7,1,0,0,2,0,0,0,0
14,long,dengeli,1046015159269598947,B,crew,port,7,7,2,0,0,5,0,0,0,0
14,long,dengeli,17443536041272814645,A,crew,port,10,10,2,1,1,5,0,0,0,0
14,long,dengeli,17443536041272814645,B,crew,port,10,10,2,1,1,5,0,0,0,0
14,long,dengeli,17293092679498157891,A,crew,port,6,6,1,1,1,1,0,0,0,0
14,long,dengeli,17293092679498157891,B,hain,sunk,3,2,0,1,1,0,0,0,0,0
14,long,dengeli,13752287424104292153,A,hain,sunk,6,5,0,1,1,1,0,0,0,0
14,long,dengeli,13752287424104292153,B,hain,sunk,4,3,0,1,1,2,0,0,0,0
14,long,dengeli,12068331953100422155,A,crew,port,7,7,1,1,1,5,0,0,0,0
14,long,dengeli,12068331953100422155,B,crew,port,8,8,2,1,1,4,0,0,0,0
14,long,dengeli,11940941349474596627,A,hain,sunk,9,8,0,1,1,5,0,0,0,0
14,long,dengeli,11940941349474596627,B,hain,sunk,9,8,0,1,1,5,0,0,0,0
14,long,dengeli,3232343637104762621,A,crew,port,8,8,1,1,1,4,0,0,0,0
14,long,dengeli,3232343637104762621,B,crew,port,7,7,1,1,1,3,0,0,0,0
14,long,dengeli,15561978399071045995,A,hain,sunk,3,2,0,1,0,1,0,0,0,0
14,long,dengeli,15561978399071045995,B,crew,port,7,7,2,1,1,3,0,0,0,0
14,long,dengeli,10124311986342734554,A,crew,port,6,6,2,1,1,4,0,0,0,0
14,long,dengeli,10124311986342734554,B,crew,port,6,6,2,1,1,5,0,0,0,0
14,long,kaotik,10156514077907435085,A,hain,sunk,4,3,0,1,0,2,0,0,0,0
14,long,kaotik,10156514077907435085,B,hain,sunk,7,6,0,1,0,1,0,0,0,0
14,long,kaotik,18321334332440953862,A,crew,port,7,7,2,1,1,5,0,0,0,0
14,long,kaotik,18321334332440953862,B,crew,port,7,7,2,1,1,3,0,0,0,0
14,long,kaotik,11164909960459672767,A,hain,sunk,4,3,0,1,1,1,0,0,0,0
14,long,kaotik,11164909960459672767,B,hain,sunk,4,3,0,1,1,2,0,0,0,0
14,long,kaotik,13050638051481328840,A,crew,port,7,7,2,1,1,3,0,0,0,0
14,long,kaotik,13050638051481328840,B,crew,port,7,7,2,1,1,3,0,0,0,0
14,long,kaotik,218589745954239452,A,hain,sunk,4,3,0,1,1,1,0,0,0,0
14,long,kaotik,218589745954239452,B,hain,sunk,4,3,0,1,1,1,0,0,0,0
14,long,kaotik,990856078772698580,A,crew,port,8,8,1,1,1,5,7,0,0,0
14,long,kaotik,990856078772698580,B,crew,port,7,7,1,1,1,4,7,0,0,0
14,long,kaotik,6250831084282737233,A,crew,port,6,6,1,1,1,4,0,0,0,0
14,long,kaotik,6250831084282737233,B,crew,port,6,6,2,1,1,2,0,0,0,0
14,long,kaotik,18247884061553201978,A,crew,port,7,7,2,1,1,3,7,0,0,0
14,long,kaotik,18247884061553201978,B,crew,port,7,7,2,1,1,3,0,0,0,0
14,long,kaotik,8053429244017530671,A,crew,port,7,7,1,1,1,4,0,0,0,0
14,long,kaotik,8053429244017530671,B,crew,port,7,7,2,1,1,6,0,0,0,0
14,long,kaotik,4310504296481177034,A,crew,port,7,7,2,1,1,4,0,0,0,0
14,long,kaotik,4310504296481177034,B,hain,sunk,5,4,0,1,0,1,0,0,0,0
14,long,kaotik,6719706780755714032,A,crew,port,7,7,1,1,1,4,7,0,0,0
14,long,kaotik,6719706780755714032,B,crew,port,8,8,1,1,1,2,0,0,0,0
14,long,kaotik,1439198863571445286,A,crew,port,7,7,2,1,1,3,7,0,0,0
14,long,kaotik,1439198863571445286,B,crew,port,7,7,2,1,1,3,7,0,0,0
14,long,kaotik,3297615695793349865,A,crew,port,4,4,2,1,1,2,0,0,0,0
14,long,kaotik,3297615695793349865,B,crew,port,6,6,2,1,1,1,0,0,0,0
14,long,kaotik,31547635749367072,A,crew,port,7,7,2,1,1,3,0,0,0,0
14,long,kaotik,31547635749367072,B,crew,port,7,7,2,1,1,3,0,0,0,0
14,long,kaotik,4703185845969425537,A,hain,scurvy,7,6,2,1,0,0,0,0,0,0
14,long,kaotik,4703185845969425537,B,hain,scurvy,7,6,1,1,0,5,0,0,0,0
14,long,kaotik,14961026845291037142,A,crew,port,7,7,1,1,1,3,0,0,0,0
14,long,kaotik,14961026845291037142,B,crew,port,7,7,1,1,1,3,0,0,0,0
14,long,kaotik,7274553760736298837,A,hain,scurvy,7,6,1,1,0,1,0,0,0,0
14,long,kaotik,7274553760736298837,B,hain,scurvy,7,6,1,1,0,1,0,0,0,0
14,long,kaotik,12360313371564957669,A,crew,port,7,7,1,1,1,4,0,0,0,0
14,long,kaotik,12360313371564957669,B,hain,sunk,7,6,0,1,1,2,0,0,0,0
14,long,kaotik,14118553416126203063,A,hain,sunk,3,2,0,1,0,0,0,0,0,0
14,long,kaotik,14118553416126203063,B,hain,sunk,3,2,0,1,0,0,0,0,0,0
14,long,kaotik,11137673046006761216,A,hain,scurvy,7,6,1,1,0,2,0,0,0,0
14,long,kaotik,11137673046006761216,B,hain,scurvy,6,5,1,1,0,2,0,0,0,0
15,short,temkinli,9609108473263275390,A,hain,sunk,5,4,0,1,1,1,0,0,0,0
15,short,temkinli,9609108473263275390,B,hain,sunk,5,4,0,1,1,1,0,0,0,0
15,short,temkinli,13403617764356879538,A,hain,sunk,5,4,0,1,1,3,0,0,0,0
15,short,temkinli,13403617764356879538,B,hain,sunk,5,4,0,1,1,3,0,0,0,0
15,short,temkinli,220199355863019917,A,crew,port,7,7,2,1,1,4,0,0,0,0
15,short,temkinli,220199355863019917,B,crew,port,5,5,2,1,1,3,0,0,0,0
15,short,temkinli,14697796516854195389,A,crew,port,4,4,2,1,1,2,0,0,0,0
15,short,temkinli,14697796516854195389,B,crew,port,4,4,2,1,1,3,0,0,0,0
15,short,temkinli,14550900702816349025,A,crew,port,5,5,2,1,1,2,0,0,0,0
15,short,temkinli,14550900702816349025,B,hain,scurvy,4,3,1,1,0,2,0,0,0,0
15,short,temkinli,16534829113533094233,A,crew,port,5,5,2,1,1,3,0,0,0,0
15,short,temkinli,16534829113533094233,B,crew,port,5,5,2,1,1,3,0,0,0,0
15,short,temkinli,7454438951587499656,A,crew,port,6,6,1,1,1,3,0,0,0,0
15,short,temkinli,7454438951587499656,B,crew,port,6,6,1,1,1,3,0,0,0,0
15,short,temkinli,10617137593892607002,A,crew,port,4,4,1,1,1,1,0,0,0,0
15,short,temkinli,10617137593892607002,B,crew,port,4,4,1,1,1,1,0,0,0,0
15,short,temkinli,15555491995643737566,A,crew,port,5,5,2,1,1,3,0,0,0,0
15,short,temkinli,15555491995643737566,B,crew,port,5,5,2,1,1,4,0,0,0,0
15,short,temkinli,9678046283878945862,A,crew,port,4,4,2,1,1,2,7,0,0,0
15,short,temkinli,9678046283878945862,B,crew,port,4,4,2,1,1,2,7,0,0,0
15,short,temkinli,5298146541153508887,A,crew,port,5,5,2,1,1,3,0,0,0,0
15,short,temkinli,5298146541153508887,B,crew,port,4,4,2,1,1,2,0,0,0,0
15,short,temkinli,1544491109128419462,A,crew,port,5,5,1,1,1,2,7,0,0,0
15,short,temkinli,1544491109128419462,B,crew,port,5,5,1,1,1,2,7,0,0,0
15,short,temkinli,17791275341779768113,A,hain,sunk,4,3,0,1,0,1,0,0,0,0
15,short,temkinli,17791275341779768113,B,hain,sunk,4,3,0,1,0,1,0,0,0,0
15,short,temkinli,3786747890187436276,A,hain,sunk,4,3,0,1,1,1,0,0,0,0
15,short,temkinli,3786747890187436276,B,hain,sunk,4,3,0,1,1,1,0,0,0,0
15,short,temkinli,8522259117532884937,A,hain,sunk,6,5,0,1,1,1,0,0,0,0
15,short,temkinli,8522259117532884937,B,hain,sunk,6,5,0,1,1,1,0,0,0,0
15,short,temkinli,10292450868243468403,A,crew,port,5,5,2,0,0,2,0,0,0,0
15,short,temkinli,10292450868243468403,B,hain,sunk,2,1,0,0,0,0,0,0,0,0
15,short,temkinli,11360801001314200582,A,hain,sunk,3,2,0,1,0,0,0,0,0,0
15,short,temkinli,11360801001314200582,B,hain,sunk,3,2,0,1,0,0,0,0,0,0
15,short,temkinli,4287911288156958427,A,crew,port,5,5,1,1,1,3,0,0,0,0
15,short,temkinli,4287911288156958427,B,crew,port,5,5,1,1,1,3,0,0,0,0
15,short,temkinli,11842131676199011755,A,hain,sunk,4,3,0,1,1,1,0,0,0,0
15,short,temkinli,11842131676199011755,B,hain,sunk,4,3,0,1,1,1,0,0,0,0
15,short,temkinli,208008228704952695,A,hain,sunk,5,4,0,1,1,1,0,0,0,0
15,short,temkinli,208008228704952695,B,hain,sunk,5,4,0,1,1,1,0,0,0,0
15,short,dengeli,1603902078899234195,A,hain,sunk,4,3,0,1,1,0,0,0,0,1
15,short,dengeli,1603902078899234195,B,hain,sunk,4,3,0,1,1,0,0,0,0,1
15,short,dengeli,17607246072672955473,A,crew,port,5,5,1,1,1,2,0,0,0,0
15,short,dengeli,17607246072672955473,B,crew,port,5,5,2,1,1,2,0,0,0,0
15,short,dengeli,4806703646700079894,A,crew,port,5,5,2,1,1,2,0,0,0,0
15,short,dengeli,4806703646700079894,B,crew,port,6,6,1,1,1,2,0,0,0,0
15,short,dengeli,16602045231873203897,A,hain,scurvy,5,4,2,1,0,2,0,0,0,0
15,short,dengeli,16602045231873203897,B,hain,scurvy,5,4,2,1,0,2,0,0,0,0
15,short,dengeli,18272118215242768920,A,crew,port,5,5,1,1,1,2,0,0,0,0
15,short,dengeli,18272118215242768920,B,crew,port,5,5,2,1,1,3,0,0,0,0
15,short,dengeli,3394864985693416677,A,hain,sunk,4,3,0,1,0,1,0,0,0,0
15,short,dengeli,3394864985693416677,B,hain,sunk,4,3,0,1,0,1,0,0,0,0
15,short,dengeli,1286766641351421078,A,hain,sunk,5,4,0,1,1,2,0,0,0,0
15,short,dengeli,1286766641351421078,B,hain,sunk,5,4,0,1,1,2,0,0,0,0
15,short,dengeli,2836231299417952007,A,crew,port,6,6,1,1,1,2,0,0,0,0
15,short,dengeli,2836231299417952007,B,crew,port,6,6,1,1,1,2,0,0,0,0
15,short,dengeli,7294966853098705614,A,crew,port,5,5,2,1,1,3,0,0,0,0
15,short,dengeli,7294966853098705614,B,crew,port,8,8,1,1,1,5,0,0,0,0
15,short,dengeli,13952835857074107249,A,crew,port,5,5,2,0,0,3,0,0,0,0
15,short,dengeli,13952835857074107249,B,crew,port,5,5,2,0,0,3,0,0,0,0
15,short,dengeli,4045685093529628617,A,hain,scurvy,4,3,1,1,0,1,0,0,0,0
15,short,dengeli,4045685093529628617,B,hain,scurvy,4,3,1,1,0,1,0,0,0,0
15,short,dengeli,13345744824331857531,A,hain,sunk,4,3,0,1,1,0,0,0,0,0
15,short,dengeli,13345744824331857531,B,crew,port,5,5,2,1,1,1,0,0,0,0
15,short,dengeli,12354745974774944118,A,hain,sunk,4,3,0,1,0,2,0,0,0,0
15,short,dengeli,12354745974774944118,B,hain,sunk,4,3,0,1,0,2,0,0,0,0
15,short,dengeli,1444842885858344696,A,hain,sunk,3,2,0,1,0,1,0,0,0,0
15,short,dengeli,1444842885858344696,B,hain,sunk,3,2,0,1,0,1,0,0,0,0
15,short,dengeli,17149280905420946485,A,hain,sunk,2,1,0,0,0,0,0,0,0,0
15,short,dengeli,17149280905420946485,B,hain,sunk,2,1,0,0,0,0,0,0,0,0
15,short,dengeli,8537394683066818181,A,crew,port,5,5,2,1,1,3,0,0,0,0
15,short,dengeli,8537394683066818181,B,crew,port,5,5,2,1,1,3,0,0,0,0
15,short,dengeli,14949152821451174508,A,crew,port,5,5,1,1,1,3,0,0,0,0
15,short,dengeli,14949152821451174508,B,crew,port,5,5,1,1,1,3,0,0,0,0
15,short,dengeli,1363262118325950650,A,crew,port,5,5,1,1,1,1,0,0,0,0
15,short,dengeli,1363262118325950650,B,hain,sunk,5,4,0,1,0,2,0,0,0,0
15,short,dengeli,4031653796682212840,A,crew,port,4,4,1,1,1,1,0,0,0,0
15,short,dengeli,4031653796682212840,B,crew,port,4,4,1,1,1,1,0,0,0,0
15,short,dengeli,15489490180453756451,A,crew,port,5,5,1,1,1,2,0,0,0,0
15,short,dengeli,15489490180453756451,B,crew,port,5,5,1,1,1,2,0,0,0,0
15,short,kaotik,11468124078390359850,A,crew,port,5,5,2,1,1,2,0,0,0,0
15,short,kaotik,11468124078390359850,B,crew,port,5,5,2,1,1,2,0,0,0,0
15,short,kaotik,7636254010726291121,A,hain,sunk,5,4,0,1,1,2,0,0,0,0
15,short,kaotik,7636254010726291121,B,hain,sunk,5,4,0,1,1,2,0,0,0,0
15,short,kaotik,11423008749355612068,A,crew,port,5,5,2,1,1,1,0,0,0,0
15,short,kaotik,11423008749355612068,B,crew,port,5,5,2,1,1,1,0,0,0,0
15,short,kaotik,14187735623249320567,A,hain,sunk,5,4,0,1,1,2,0,0,0,0
15,short,kaotik,14187735623249320567,B,hain,sunk,5,4,0,1,1,2,0,0,0,0
15,short,kaotik,14904665830381340806,A,hain,sunk,3,2,0,1,1,1,0,0,0,0
15,short,kaotik,14904665830381340806,B,hain,sunk,3,2,0,1,1,1,0,0,0,0
15,short,kaotik,1871361579994710485,A,crew,port,5,5,2,1,1,2,0,0,0,0
15,short,kaotik,1871361579994710485,B,crew,port,5,5,2,1,1,3,0,0,0,0
15,short,kaotik,4842780221334047300,A,hain,sunk,5,4,0,1,0,0,0,0,0,0
15,short,kaotik,4842780221334047300,B,hain,sunk,5,4,0,1,1,2,0,0,0,0
15,short,kaotik,18071394632472120033,A,crew,port,5,5,1,1,1,1,0,0,0,0
15,short,kaotik,18071394632472120033,B,crew,port,5,5,1,1,1,1,0,0,0,0
15,short,kaotik,11923504850775613558,A,crew,port,5,5,1,1,1,0,0,0,0,0
15,short,kaotik,11923504850775613558,B,crew,port,5,5,1,1,1,0,0,0,0,0
15,short,kaotik,2121591319173799549,A,hain,scurvy,4,3,2,1,0,2,0,0,0,0
15,short,kaotik,2121591319173799549,B,hain,scurvy,4,3,2,1,0,2,0,0,0,0
15,short,kaotik,463946727871720274,A,hain,sunk,3,2,0,1,0,1,0,0,0,0
15,short,kaotik,463946727871720274,B,hain,sunk,3,2,0,1,0,1,0,0,0,0
15,short,kaotik,8914175487894144001,A,crew,port,5,5,1,1,1,3,0,0,0,0
15,short,kaotik,8914175487894144001,B,crew,port,5,5,1,1,1,3,0,0,0,0
15,short,kaotik,2989535248482930820,A,hain,sunk,4,3,0,1,1,1,0,0,0,0
15,short,kaotik,2989535248482930820,B,hain,sunk,4,3,0,1,1,1,0,0,0,0
15,short,kaotik,2574545454642881827,A,hain,sunk,3,2,0,0,0,1,0,0,0,0
15,short,kaotik,2574545454642881827,B,hain,sunk,3,2,0,0,0,1,0,0,0,0
15,short,kaotik,18048568659533358231,A,hain,sunk,3,2,0,0,0,1,0,0,0,0
15,short,kaotik,18048568659533358231,B,hain,sunk,3,2,0,0,0,1,0,0,0,0
15,short,kaotik,4064676098682766590,A,crew,port,4,4,2,0,0,1,0,0,0,0
15,short,kaotik,4064676098682766590,B,crew,port,4,4,2,0,0,3,0,0,0,0
15,short,kaotik,3172598722485709430,A,hain,sunk,4,3,0,1,1,1,0,0,0,0
15,short,kaotik,3172598722485709430,B,hain,sunk,4,3,0,1,1,1,0,0,0,0
15,short,kaotik,14896872552924126653,A,hain,sunk,5,4,0,1,1,2,0,0,0,0
15,short,kaotik,14896872552924126653,B,crew,port,5,5,1,1,1,2,0,0,0,0
15,short,kaotik,2331149406047352118,A,hain,sunk,3,2,0,1,1,1,0,0,0,0
15,short,kaotik,2331149406047352118,B,hain,sunk,3,2,0,1,1,0,0,0,0,0
15,short,kaotik,15634362879231714682,A,crew,port,5,5,2,1,1,2,0,0,0,0
15,short,kaotik,15634362879231714682,B,hain,sunk,4,3,0,1,1,1,0,0,0,0
15,normal,temkinli,10469662864184152818,A,hain,sunk,4,3,0,1,1,1,0,0,0,0
15,normal,temkinli,10469662864184152818,B,hain,sunk,4,3,0,1,1,1,0,0,0,0
15,normal,temkinli,6879479181212357873,A,crew,port,5,5,2,1,1,0,0,0,0,0
15,normal,temkinli,6879479181212357873,B,crew,port,5,5,2,1,1,1,0,0,0,0
15,normal,temkinli,18359520504328906466,A,hain,sunk,6,5,0,1,1,2,0,0,0,0
15,normal,temkinli,18359520504328906466,B,hain,sunk,6,5,0,1,1,2,0,0,0,0
15,normal,temkinli,9575930498314222005,A,hain,sunk,6,5,0,1,0,1,0,0,0,0
15,normal,temkinli,9575930498314222005,B,hain,sunk,7,6,0,1,0,2,0,0,0,0
15,normal,temkinli,14032459024830048899,A,hain,sunk,6,5,0,1,1,2,0,0,0,0
15,normal,temkinli,14032459024830048899,B,hain,sunk,6,5,0,1,1,2,0,0,0,0
15,normal,temkinli,11394017261535855994,A,hain,sunk,7,6,0,1,1,3,0,0,0,0
15,normal,temkinli,11394017261535855994,B,hain,sunk,7,6,0,1,1,3,0,0,0,0
15,normal,temkinli,8601169280158143244,A,crew,port,6,6,1,1,1,3,0,0,0,0
15,normal,temkinli,8601169280158143244,B,hain,sunk,4,3,0,1,1,1,0,0,0,0
15,normal,temkinli,9228005379598941489,A,hain,sunk,3,2,0,1,1,0,0,0,0,0
15,normal,temkinli,9228005379598941489,B,hain,sunk,5,4,0,1,1,2,0,0,0,1
15,normal,temkinli,5001812252310762629,A,crew,port,6,6,2,1,1,3,0,0,0,0
15,normal,temkinli,5001812252310762629,B,crew,port,6,6,1,1,1,3,0,0,0,0
15,normal,temkinli,8853312758297597201,A,hain,sunk,11,10,0,1,1,5,7,0,0,0
15,normal,temkinli,8853312758297597201,B,hain,sunk,11,10,0,1,1,5,7,0,0,0
15,normal,temkinli,15658607447665564007,A,crew,port,6,6,1,1,1,2,0,0,0,0
15,normal,temkinli,15658607447665564007,B,crew,port,6,6,1,1,1,2,0,0,0,0
15,normal,temkinli,16628443831525050367,A,crew,port,6,6,1,1,1,3,0,0,0,0
15,normal,temkinli,16628443831525050367,B,hain,sunk,5,4,0,1,1,0,0,0,0,0
15,normal,temkinli,16731265349967065364,A,crew,port,6,6,1,0,0,3,0,0,0,0
15,normal,temkinli,16731265349967065364,B,crew,port,7,7,1,0,0,3,0,0,0,0
15,normal,temkinli,9064066630872907259,A,hain,scurvy,6,5,1,1,0,3,0,0,0,0
15,normal,temkinli,9064066630872907259,B,hain,scurvy,6,5,1,1,0,3,0,0,0,0
15,normal,temkinli,9777590507260190855,A,hain,sunk,5,4,0,1,1,2,0,0,0,0
15,normal,temkinli,9777590507260190855,B,hain,sunk,5,4,0,1,1,2,0,0,0,0
15,normal,temkinli,12237050873557829169,A,hain,sunk,2,1,0,1,0,0,0,0,0,0
15,normal,temkinli,12237050873557829169,B,hain,sunk,3,2,0,1,0,0,0,0,0,0
15,normal,temkinli,8754884294446638031,A,hain,sunk,4,3,0,1,1,1,0,0,0,0
15,normal,temkinli,8754884294446638031,B,hain,sunk,5,4,0,1,1,1,0,0,0,0
15,normal,temkinli,2718499085584199659,A,crew,port,6,6,2,1,1,0,0,0,0,0
15,normal,temkinli,2718499085584199659,B,crew,port,6,6,2,1,1,3,0,0,0,0
15,normal,temkinli,4833843812472692024,A,crew,port,6,6,1,1,1,2,0,0,0,0
15,normal,temkinli,4833843812472692024,B,crew,port,6,6,1,1,1,3,0,0,0,0
15,normal,temkinli,10575221912753284513,A,crew,port,6,6,1,1,1,2,0,0,0,0
15,normal,temkinli,10575221912753284513,B,crew,port,6,6,2,1,1,2,0,0,0,0
15,normal,dengeli,15736392877465880263,A,hain,sunk,5,4,0,1,1,3,0,0,0,0
15,normal,dengeli,15736392877465880263,B,hain,sunk,5,4,0,1,1,3,0,0,0,0
15,normal,dengeli,6738615027648389853,A,crew,port,6,6,1,1,1,3,0,0,0,0
15,normal,dengeli,6738615027648389853,B,crew,port,7,7,2,1,1,2,0,0,0,0
15,normal,dengeli,5065348594318688834,A,crew,port,5,5,2,1,1,2,0,0,0,0
15,normal,dengeli,5065348594318688834,B,crew,port,5,5,2,1,1,2,0,0,0,0
15,normal,dengeli,13866249642223348434,A,hain,sunk,6,5,0,1,1,3,0,0,0,0
15,normal,dengeli,13866249642223348434,B,hain,sunk,5,4,0,1,0,1,0,0,0,0
15,normal,dengeli,7223176320385250236,A,hain,sunk,6,5,0,1,1,3,0,0,0,0
15,normal,dengeli,7223176320385250236,B,hain,sunk,6,5,0,1,1,3,0,0,0,0
15,normal,dengeli,9675408406113375507,A,crew,port,6,6,2,1,1,3,0,0,0,0
15,normal,dengeli,9675408406113375507,B,crew,port,6,6,2,1,1,2,0,0,0,0
15,normal,dengeli,2538419680540552697,A,crew,port,5,5,1,1,1,0,0,0,0,0
15,normal,dengeli,2538419680540552697,B,crew,port,5,5,1,1,1,0,0,0,0,0
15,normal,dengeli,3948207029603895514,A,hain,sunk,4,3,0,1,1,1,0,0,0,0
15,normal,dengeli,3948207029603895514,B,crew,port,7,7,1,1,1,4,0,0,0,0
15,normal,dengeli,6514476716205857799,A,crew,port,5,5,1,1,1,3,0,0,0,0
15,normal,dengeli,6514476716205857799,B,hain,sunk,5,4,0,1,1,2,0,0,0,0
15,normal,dengeli,1296508118819116099,A,hain,sunk,5,4,0,1,1,2,0,0,0,0
15,normal,dengeli,1296508118819116099,B,hain,sunk,5,4,0,1,1,2,0,0,0,0
15,normal,dengeli,13356626427165811728,A,hain,sunk,5,4,0,1,1,3,0,0,0,0
15,normal,dengeli,13356626427165811728,B,hain,sunk,5,4,0,1,1,3,0,0,0,0
15,normal,dengeli,14479937746130194650,A,hain,sunk,3,2,0,1,1,1,0,0,0,0
15,normal,dengeli,14479937746130194650,B,hain,sunk,6,5,0,1,1,2,0,0,0,0
15,normal,dengeli,5044140418931678783,A,hain,sunk,5,4,0,1,1,1,0,0,0,0
15,normal,dengeli,5044140418931678783,B,hain,sunk,6,5,0,1,1,1,0,0,0,0
15,normal,dengeli,7049107724616072270,A,hain,sunk,3,2,0,1,0,0,0,0,0,0
15,normal,dengeli,7049107724616072270,B,hain,sunk,3,2,0,1,0,1,0,0,0,0
15,normal,dengeli,17487842286603880279,A,hain,sunk,3,2,0,1,0,1,0,0,0,0
15,normal,dengeli,17487842286603880279,B,hain,sunk,3,2,0,1,0,1,0,0,0,0
15,normal,dengeli,14734376334687737241,A,hain,sunk,4,3,0,1,0,1,0,0,0,0
15,normal,dengeli,14734376334687737241,B,hain,sunk,7,6,0,1,1,2,0,0,0,0
15,normal,dengeli,8265332136912182030,A,crew,port,6,6,2,1,1,3,0,0,0,0
15,normal,dengeli,8265332136912182030,B,crew,port,6,6,2,1,1,2,0,0,0,0
15,normal,dengeli,827052877592218892,A,hain,sunk,5,4,0,1,1,2,0,0,0,0
15,normal,dengeli,827052877592218892,B,hain,sunk,6,5,0,1,1,2,0,0,0,0
15,normal,dengeli,13929582492252390512,A,crew,port,5,5,2,1,1,2,0,0,0,0
15,normal,dengeli,13929582492252390512,B,crew,port,5,5,2,1,1,2,0,0,0,0
15,normal,dengeli,3621064176797253392,A,hain,scurvy,5,4,2,1,0,2,0,0,0,0
15,normal,dengeli,3621064176797253392,B,hain,scurvy,5,4,2,1,0,2,0,0,0,0
15,normal,kaotik,6543351584703240195,A,crew,port,7,7,2,1,1,4,0,0,0,0
15,normal,kaotik,6543351584703240195,B,crew,port,7,7,1,1,1,5,0,0,0,0
15,normal,kaotik,10962847591080855711,A,crew,port,6,6,1,0,0,3,0,0,0,0
15,normal,kaotik,10962847591080855711,B,crew,port,6,6,1,0,0,3,0,0,0,0
15,normal,kaotik,6055881458825369696,A,crew,port,7,7,2,1,1,4,0,0,0,0
15,normal,kaotik,6055881458825369696,B,crew,port,6,6,2,1,1,3,0,0,0,0
15,normal,kaotik,17257728085380131187,A,hain,sunk,5,4,0,0,0,2,0,0,0,0
15,normal,kaotik,17257728085380131187,B,hain,sunk,5,4,0,0,0,2,0,0,0,0
15,normal,kaotik,3372898657923395049,A,hain,sunk,4,3,0,1,1,0,0,0,0,0
15,normal,kaotik,3372898657923395049,B,hain,sunk,6,5,0,1,1,2,0,0,0,0
15,normal,kaotik,1992890714484664601,A,crew,port,4,4,2,1,1,2,0,0,0,0
15,normal,kaotik,1992890714484664601,B,crew,port,4,4,2,1,1,2,0,0,0,0
15,normal,kaotik,10959286366136642563,A,crew,port,6,6,1,1,1,2,0,0,0,0
15,normal,kaotik,10959286366136642563,B,crew,port,6,6,2,1,1,4,0,0,0,0
15,normal,kaotik,2708771776236343125,A,hain,sunk,4,3,0,1,1,0,0,0,0,0
15,normal,kaotik,2708771776236343125,B,hain,sunk,4,3,0,1,1,1,0,0,0,0
15,normal,kaotik,9802502869869978245,A,hain,sunk,5,4,0,1,1,1,0,0,0,0
15,normal,kaotik,9802502869869978245,B,hain,sunk,5,4,0,1,1,1,0,0,0,0
15,normal,kaotik,16340822291559095518,A,hain,sunk,7,6,0,1,1,2,0,0,0,0
15,normal,kaotik,16340822291559095518,B,hain,sunk,5,4,0,1,1,0,0,0,0,0
15,normal,kaotik,12081909607187063469,A,crew,port,6,6,1,1,1,2,0,0,0,0
15,normal,kaotik,12081909607187063469,B,crew,port,6,6,1,1,1,2,0,0,0,0
15,normal,kaotik,9824750735720451671,A,crew,port,6,6,1,1,1,3,0,0,0,0
15,normal,kaotik,9824750735720451671,B,crew,port,6,6,2,1,1,2,0,0,0,0
15,normal,kaotik,8157460988160391631,A,hain,sunk,5,4,0,1,1,0,0,0,0,0
15,normal,kaotik,8157460988160391631,B,hain,sunk,5,4,0,1,1,0,0,0,0,0
15,normal,kaotik,12657414541392435806,A,hain,scurvy,5,4,1,1,0,1,0,0,0,0
15,normal,kaotik,12657414541392435806,B,hain,scurvy,5,4,1,1,0,1,0,0,0,0
15,normal,kaotik,3028393389373434383,A,crew,port,6,6,2,1,1,4,0,0,0,0
15,normal,kaotik,3028393389373434383,B,crew,port,6,6,2,1,1,4,0,0,0,0
15,normal,kaotik,13385734969818302164,A,crew,port,6,6,1,1,1,3,0,0,0,0
15,normal,kaotik,13385734969818302164,B,crew,port,7,7,1,1,1,5,0,0,0,0
15,normal,kaotik,5311430079730050939,A,crew,port,6,6,1,1,1,2,0,0,0,0
15,normal,kaotik,5311430079730050939,B,crew,port,6,6,1,1,1,2,0,0,0,0
15,normal,kaotik,14386942746037180098,A,hain,scurvy,5,4,1,1,0,0,0,0,0,0
15,normal,kaotik,14386942746037180098,B,hain,scurvy,5,4,1,1,0,0,0,0,0,0
15,normal,kaotik,8510388302573175114,A,hain,sunk,5,4,0,1,1,1,0,0,0,0
15,normal,kaotik,8510388302573175114,B,crew,port,6,6,1,1,1,2,0,0,0,0
15,normal,kaotik,4680647321005366443,A,crew,port,5,5,2,1,1,2,0,0,0,0
15,normal,kaotik,4680647321005366443,B,crew,port,5,5,2,1,1,2,0,0,0,0
15,long,temkinli,12070704432973447903,A,hain,sunk,4,3,0,1,1,1,0,0,0,0
15,long,temkinli,12070704432973447903,B,hain,sunk,4,3,0,1,1,1,0,0,0,0
15,long,temkinli,3616039258758826252,A,hain,sunk,6,5,0,1,0,1,0,0,0,0
15,long,temkinli,3616039258758826252,B,hain,sunk,4,3,0,1,1,1,0,0,0,0
15,long,temkinli,17716434286252288140,A,hain,sunk,4,3,0,1,0,1,0,0,0,0
15,long,temkinli,17716434286252288140,B,hain,sunk,4,3,0,1,0,0,0,0,0,0
15,long,temkinli,17328662902627799044,A,crew,port,7,7,1,1,1,3,0,0,0,0
15,long,temkinli,17328662902627799044,B,crew,port,7,7,1,1,1,4,0,0,0,0
15,long,temkinli,3111645843100410349,A,hain,sunk,5,4,0,1,0,0,0,0,0,0
15,long,temkinli,3111645843100410349,B,hain,sunk,5,4,0,1,0,0,0,0,0,0
15,long,temkinli,8267684224482330041,A,crew,port,7,7,2,1,1,4,0,0,0,0
15,long,temkinli,8267684224482330041,B,crew,port,7,7,2,1,1,5,0,0,0,0
15,long,temkinli,6611104999360313886,A,crew,port,7,7,2,1,1,2,0,0,0,0
15,long,temkinli,6611104999360313886,B,crew,port,7,7,2,1,1,1,0,0,0,0
15,long,temkinli,11093252911765103689,A,crew,port,7,7,1,1,1,1,0,0,0,0
15,long,temkinli,11093252911765103689,B,hain,sunk,3,2,0,1,0,1,0,0,0,0
15,long,temkinli,968809608651671029,A,hain,scurvy,6,5,2,1,0,2,0,0,0,0
15,long,temkinli,968809608651671029,B,hain,sunk,5,4,0,1,0,2,0,0,0,0
15,long,temkinli,18293985484084692906,A,crew,port,6,6,1,1,1,2,0,0,0,0
15,long,temkinli,18293985484084692906,B,crew,port,8,8,2,1,1,2,0,0,0,0
15,long,temkinli,17766324840834363770,A,hain,sunk,6,5,0,1,1,2,0,0,0,0
15,long,temkinli,17766324840834363770,B,crew,port,6,6,1,1,1,4,0,0,0,0
15,long,temkinli,10218570278294870893,A,crew,port,7,7,1,1,1,3,0,0,0,0
15,long,temkinli,10218570278294870893,B,crew,port,8,8,2,1,1,4,0,0,0,0
15,long,temkinli,2153573023644625202,A,crew,port,7,7,2,0,0,2,0,0,0,0
15,long,temkinli,2153573023644625202,B,crew,port,8,8,1,0,0,4,0,0,0,0
15,long,temkinli,15996724430987159640,A,crew,port,7,7,1,1,1,1,0,0,0,0
15,long,temkinli,15996724430987159640,B,hain,sunk,5,4,0,1,1,2,0,0,0,0
15,long,temkinli,7771337886405071222,A,crew,port,7,7,1,1,1,3,0,0,0,0
15,long,temkinli,7771337886405071222,B,crew,port,7,7,2,1,1,5,0,0,0,0
15,long,temkinli,2765012999039578526,A,crew,port,7,7,1,1,1,4,0,0,0,0
15,long,temkinli,2765012999039578526,B,hain,sunk,9,8,0,1,1,4,0,0,0,0
15,long,temkinli,2920956533997475117,A,hain,sunk,3,2,0,1,1,1,0,0,0,0
15,long,temkinli,2920956533997475117,B,hain,sunk,3,2,0,1,1,1,0,0,0,0
15,long,temkinli,15866821357573073651,A,crew,port,7,7,1,1,1,6,0,0,0,0
15,long,temkinli,15866821357573073651,B,crew,port,6,6,2,1,1,3,0,0,0,0
15,long,temkinli,5999467046312598893,A,crew,port,6,6,2,1,1,2,0,0,0,0
15,long,temkinli,5999467046312598893,B,crew,port,7,7,2,1,1,6,0,0,0,0
15,long,temkinli,3084864205465228290,A,hain,sunk,5,4,0,1,1,1,0,0,0,0
15,long,temkinli,3084864205465228290,B,hain,sunk,3,2,0,1,1,1,0,0,0,0
15,long,dengeli,9727009723746312382,A,crew,port,7,7,1,1,1,3,0,0,0,0
15,long,dengeli,9727009723746312382,B,crew,port,7,7,1,1,1,3,0,0,0,0
15,long,dengeli,1640839592426443169,A,hain,sunk,5,4,0,1,0,2,0,0,0,0
15,long,dengeli,1640839592426443169,B,crew,port,8,8,2,1,1,4,0,0,0,0
15,long,dengeli,13301925804239419472,A,crew,port,8,8,2,1,1,6,0,0,0,0
15,long,dengeli,13301925804239419472,B,crew,port,8,8,2,1,1,3,0,0,0,0
15,long,dengeli,16901286861961885060,A,hain,sunk,8,7,0,1,1,3,0,0,0,0
15,long,dengeli,16901286861961885060,B,hain,sunk,8,7,0,1,1,3,0,0,0,0
15,long,dengeli,5153100110065203029,A,crew,port,7,7,1,1,1,4,0,0,0,0
15,long,dengeli,5153100110065203029,B,crew,port,6,6,1,1,1,3,0,0,0,0
15,long,dengeli,1826072565297715744,A,hain,sunk,6,5,0,1,1,0,0,0,0,0
15,long,dengeli,1826072565297715744,B,hain,sunk,7,6,0,1,1,1,0,0,0,0
15,long,dengeli,14992924698411777198,A,crew,port,7,7,2,1,1,2,0,0,0,0
15,long,dengeli,14992924698411777198,B,crew,port,7,7,2,1,1,3,0,0,0,0
15,long,dengeli,1677690630982312230,A,hain,sunk,6,5,0,1,1,1,0,0,0,0
15,long,dengeli,1677690630982312230,B,hain,sunk,6,5,0,1,1,1,0,0,0,0
15,long,dengeli,15102907928834860254,A,hain,sunk,3,2,0,1,1,1,0,0,0,0
15,long,dengeli,15102907928834860254,B,hain,sunk,6,5,0,1,1,1,0,0,0,0
15,long,dengeli,2304303567182499042,A,crew,port,7,7,2,1,1,5,0,0,0,0
15,long,dengeli,2304303567182499042,B,crew,port,6,6,1,1,1,3,0,0,0,0
15,long,dengeli,1132158055569813543,A,hain,sunk,15,14,0,1,1,8,0,0,0,0
15,long,dengeli,1132158055569813543,B,hain,sunk,12,11,0,1,1,2,0,0,0,0
15,long,dengeli,16755153574009431600,A,crew,port,11,11,2,1,1,5,0,0,0,0
15,long,dengeli,16755153574009431600,B,crew,port,6,6,2,1,1,4,0,0,0,0
15,long,dengeli,1336926376216262628,A,crew,port,6,6,2,1,1,4,0,0,0,0
15,long,dengeli,1336926376216262628,B,crew,port,8,8,2,1,1,3,0,0,0,0
15,long,dengeli,14321774405299608687,A,hain,sunk,7,6,0,1,0,3,0,0,0,0
15,long,dengeli,14321774405299608687,B,hain,sunk,7,6,0,1,0,3,0,0,0,0
15,long,dengeli,10552780385309266531,A,crew,port,6,6,2,1,1,4,0,0,0,0
15,long,dengeli,10552780385309266531,B,crew,port,7,7,2,1,1,3,0,0,0,0
15,long,dengeli,11840277072234914119,A,hain,scurvy,9,8,2,1,0,4,0,0,0,0
15,long,dengeli,11840277072234914119,B,hain,scurvy,14,13,2,1,0,8,7,0,0,0
15,long,dengeli,8855831457005116906,A,crew,port,7,7,2,1,1,3,0,0,0,0
15,long,dengeli,8855831457005116906,B,hain,sunk,7,6,0,1,1,1,0,0,0,0
15,long,dengeli,13951767537014046665,A,crew,port,6,6,2,1,1,3,0,0,0,0
15,long,dengeli,13951767537014046665,B,crew,port,6,6,2,1,1,0,0,0,0,0
15,long,dengeli,14748544632029827547,A,hain,sunk,4,3,0,1,1,0,0,0,0,0
15,long,dengeli,14748544632029827547,B,hain,sunk,4,3,0,1,1,0,0,0,0,0
15,long,dengeli,11532893466445807799,A,hain,sunk,5,4,0,1,1,3,0,0,0,0
15,long,dengeli,11532893466445807799,B,hain,sunk,5,4,0,1,1,3,0,0,0,0
15,long,kaotik,15890615820311971125,A,hain,sunk,7,6,0,1,1,3,0,0,0,0
15,long,kaotik,15890615820311971125,B,hain,sunk,7,6,0,1,1,3,0,0,0,0
15,long,kaotik,3498428367717059270,A,hain,sunk,4,3,0,1,0,0,0,0,0,0
15,long,kaotik,3498428367717059270,B,hain,scurvy,7,6,1,1,0,2,0,0,0,0
15,long,kaotik,11535750378455183695,A,crew,port,10,10,2,1,1,5,0,0,0,0
15,long,kaotik,11535750378455183695,B,crew,port,8,8,2,1,1,3,0,0,0,0
15,long,kaotik,8442862055052481749,A,crew,port,8,8,1,0,0,3,0,0,0,0
15,long,kaotik,8442862055052481749,B,crew,port,8,8,1,0,0,2,0,0,0,0
15,long,kaotik,14573371573788236481,A,crew,port,8,8,1,1,1,2,0,0,0,0
15,long,kaotik,14573371573788236481,B,crew,port,7,7,2,1,1,2,0,0,0,0
15,long,kaotik,13111948655238295982,A,crew,port,7,7,2,1,1,2,0,0,0,0
15,long,kaotik,13111948655238295982,B,crew,port,7,7,2,1,1,3,0,0,0,0
15,long,kaotik,5910742100173321491,A,crew,port,7,7,2,1,1,4,0,0,0,0
15,long,kaotik,5910742100173321491,B,crew,port,8,8,2,1,1,5,0,0,0,0
15,long,kaotik,7013635081680153416,A,hain,sunk,6,5,0,1,1,1,0,0,0,0
15,long,kaotik,7013635081680153416,B,hain,sunk,6,5,0,1,1,1,0,0,0,0
15,long,kaotik,5788933976105771155,A,crew,port,8,8,2,1,1,3,0,0,0,0
15,long,kaotik,5788933976105771155,B,crew,port,7,7,1,1,1,4,0,0,0,0
15,long,kaotik,7261421206561299286,A,crew,port,7,7,1,1,1,2,0,0,0,0
15,long,kaotik,7261421206561299286,B,crew,port,7,7,2,1,1,2,0,0,0,0
15,long,kaotik,10552801195622634671,A,hain,sunk,6,5,0,1,1,3,0,0,0,0
15,long,kaotik,10552801195622634671,B,hain,sunk,6,5,0,1,1,1,0,0,0,0
15,long,kaotik,13715335616278514384,A,crew,port,6,6,1,0,0,1,0,0,0,0
15,long,kaotik,13715335616278514384,B,crew,port,6,6,1,0,0,1,0,0,0,0
15,long,kaotik,482805908004551971,A,hain,sunk,6,5,0,1,1,1,0,0,0,0
15,long,kaotik,482805908004551971,B,hain,sunk,6,5,0,1,1,1,0,0,0,0
15,long,kaotik,17755906599927253048,A,crew,port,6,6,2,1,1,3,0,0,0,0
15,long,kaotik,17755906599927253048,B,crew,port,6,6,2,1,1,3,0,0,0,0
15,long,kaotik,16833430617525472164,A,hain,sunk,2,1,0,1,0,0,0,0,0,0
15,long,kaotik,16833430617525472164,B,hain,sunk,2,1,0,1,0,0,0,0,0,0
15,long,kaotik,9477834356122759227,A,crew,port,9,9,1,1,1,4,3,0,0,0
15,long,kaotik,9477834356122759227,B,crew,port,9,9,1,1,1,4,3,0,0,0
15,long,kaotik,10897815422521036056,A,crew,port,7,7,2,1,1,3,0,0,0,0
15,long,kaotik,10897815422521036056,B,crew,port,7,7,2,1,1,3,0,0,0,0
15,long,kaotik,9436449468971486737,A,hain,scurvy,7,6,1,1,0,3,0,0,0,0
15,long,kaotik,9436449468971486737,B,hain,scurvy,7,6,1,1,0,3,0,0,0,0
15,long,kaotik,16159365432710427400,A,crew,port,7,7,2,1,1,4,0,0,0,0
15,long,kaotik,16159365432710427400,B,crew,port,7,7,1,1,1,5,0,0,0,0
15,long,kaotik,1408775777902190003,A,crew,port,6,6,2,1,1,3,7,0,0,0
15,long,kaotik,1408775777902190003,B,crew,port,6,6,2,1,1,3,7,0,0,0
